天干1,天干2,天干3,天干4,地支1,地支2,地支3,地支4,性别,合并,得分,评语
2,6,7,5,8,4,3,9,1,乙巳庚辰辛卯丙申,4,"短暂坐过牢,地方教师,父早亡"
2,6,7,5,8,4,9,5,1,乙巳庚辰辛卯壬辰,8,"处级干部,丙子运升官,父早亡"
10,12,7,9,2,2,7,5,1,癸亥庚申乙丑庚辰,7,"16岁只身来到香港,之后四十年在老板手下打工,升为要职,但是经营生意总是失败,后期投资埋下祸根,最后甲寅运癸亥年肝癌去世"
1,9,1,11,1,9,8,8,2,甲申甲戌甲申辛未,0,"婴儿,被薄被盖头捂死,意外"
10,12,3,5,7,5,4,12,2,癸亥丙辰庚辰丁亥,1,"山火围困,14岁遇难"
7,11,8,6,6,12,2,12,2,庚戌辛巳己亥乙亥,2,26岁自杀
2,6,7,5,8,4,9,5,1,乙巳庚辰辛卯壬辰,8,"正处级,父早亡"
1,5,5,5,10,8,6,8,1,甲辰戊辰癸未己未,8,银行支行行长
3,1,5,11,4,2,4,8,2,丙子戊戌丁丑丁未,4,"丈夫早亡,子女残疾,婚姻不好"
5,5,9,11,4,2,4,8,1,戊辰壬戌丁丑丁未,12,朱元璋
9,1,7,11,8,2,6,8,1,壬子庚戌辛丑己未,8,"地产装潢,千万富翁"
10,8,3,5,5,11,3,5,1,癸未丙辰戊戌丙辰,5,"有饭吃但无工作,靠家里姐姐接济"
9,3,5,9,8,6,5,11,1,壬寅戊申辛巳戊戌,2,"电工,32岁出意外被电死"
8,4,3,9,8,8,10,6,1,辛卯丙申辛未癸巳,11,"李宗仁,中华民国副总统,代理总统"
8,4,3,9,8,8,10,6,1,辛卯丙申辛未癸巳,8,军官
9,3,10,4,9,1,9,3,1,壬寅癸卯壬子壬寅,9,"企业高管,但是是副职"
3,7,8,2,6,4,8,8,1,丙午辛丑己卯辛未,9,天津市副市长
6,8,10,10,4,6,4,8,1,己未癸酉丁巳丁未,11,袁世凯
7,7,2,10,7,1,9,7,1,庚午乙酉庚子壬午,11,和珅
5,9,6,8,10,6,6,8,1,戊申己未癸巳己未,9,"股票庄家,上海富翁,癸运倒了坐牢,但是辉煌过"
6,8,4,4,8,4,4,10,1,己未丁卯辛卯丁酉,2,"坐牢,大罪,枪毙"
5,9,4,6,5,1,5,7,1,戊申丁巳戊子戊午,3,"非常穷,年收入不超过5000,体力活,要养一家三四口"
6,6,9,9,6,8,2,2,1,己巳壬申己未乙丑,3,"游手好闲,多坐牢"
2,6,10,8,6,2,9,9,1,乙巳癸未己丑壬申,10,"亿万富豪,06年小犯官司"
4,8,10,2,3,9,8,4,2,丁未癸丑丙申辛卯,7,"高学历,大学里的官"
7,9,6,2,3,9,2,8,1,庚申己丑丙申乙未,6,"普通人,学金融,喜欢旅游"
10,4,3,5,5,1,3,5,1,癸卯丙辰戊子丙辰,9,国有企业制药公司董事长
10,4,3,5,5,9,1,1,1,癸卯丙辰戊申甲子,8,乡镇企业集团企业家
5,11,1,3,4,4,1,5,1,戊戌甲寅丁卯甲辰,12,周恩来
10,4,1,3,6,4,5,5,1,癸卯甲寅己卯戊辰,6,"普通人,经常换行业"
8,4,3,9,8,6,3,9,1,辛卯丙申辛巳丙申,6,"普通人,经历过下岗和重新上岗"
4,8,8,12,2,6,4,2,1,丁未辛亥乙巳丁丑,7,"段建业,盲派创始人"
10,4,4,6,10,2,10,12,2,癸卯丁巳癸丑癸亥,6,从事服装批发
8,4,8,2,3,5,1,7,2,辛卯辛丑丙辰甲午,6,从事刺绣工作
10,4,3,5,5,1,3,5,1,癸卯丙辰戊子丙辰,6,"从事制药行业,经理"
7,11,5,3,3,1,6,2,1,庚戌戊寅丙子己丑,6,教师
2,8,2,10,3,11,7,3,2,乙未乙酉丙戌庚寅,6,段建业对头形少芬
9,3,7,11,3,7,8,4,2,壬寅庚戌丙午辛卯,7,中学校长
4,8,10,2,3,1,9,5,1,丁未癸丑丙子壬辰,10,"投机生意,亿万身家"
7,1,6,4,1,5,6,6,1,庚子己卯甲辰己巳,8,副县长
10,6,1,1,10,4,10,12,2,癸巳甲子癸卯癸亥,7,企业部门经理
6,8,10,10,9,3,7,1,1,己未癸酉壬寅庚子,7,企业部门经理
9,9,8,8,7,7,6,6,1,壬申辛未庚午己巳,6,普通求财人
10,4,9,11,10,6,7,9,1,癸卯壬戌癸巳庚申,6,开食品杂货店
6,10,7,7,1,11,5,5,2,己酉庚午甲戌戊辰,7,从事糕点连锁店
5,11,1,1,7,9,4,12,1,戊戌甲子庚申丁亥,8,"从事多种经营,有商店贸易,地产开发,千万"
5,5,6,8,7,7,4,12,1,戊辰己未庚午丁亥,11,李嘉诚
7,11,7,5,4,6,7,11,1,庚戌庚辰丁巳庚戌,6,普通股民
7,1,7,5,7,11,5,3,1,庚子庚辰庚戌戊寅,6,"普通股民,后来从事易经咨询"
4,8,8,12,2,8,2,10,1,丁未辛亥乙未乙酉,6,"喜欢赌钱,搞易经咨询,普通人"
5,1,7,9,5,5,3,5,1,戊子庚申戊辰丙辰,7,"搞塑料生意,喜欢博彩,多输少赢"
8,2,1,7,4,2,3,7,1,辛丑甲午丁丑丙午,5,输钱躲债无工作
10,4,1,3,3,11,5,11,1,癸卯甲寅丙戌戊戌,8,"技术人员,设计院院长"
9,3,4,8,9,9,2,6,2,壬寅丁未壬申乙巳,7,"主治医师,后来离职下海赚钱"
7,1,7,5,7,7,2,10,1,庚子庚辰庚午乙酉,6,办书法培训班的
9,3,10,2,10,2,8,10,1,壬寅癸丑癸丑辛酉,6,搞玄学风水的
9,3,10,2,10,2,8,10,2,壬寅癸丑癸丑辛酉,6,"设计师,正常职业"
4,8,9,1,7,11,4,12,1,丁未壬子庚戌丁亥,7,"法律咨询,律师"
7,1,8,6,7,9,9,7,1,庚子辛巳庚申壬午,8,开会计事务所的
4,10,10,2,6,2,6,2,1,丁酉癸丑己丑己丑,8,中级法院副院长
1,5,3,1,6,8,5,5,1,甲辰丙子己未戊辰,5,无婚姻
5,11,6,8,6,12,8,8,1,戊戌己未己亥辛未,5,"有才华,作家,但是事业受挫,婚姻破裂"
4,8,3,7,3,3,10,6,1,丁未丙午丙寅癸巳,7,"名流,有名律师"
2,2,2,10,5,3,2,4,1,乙丑乙酉戊寅乙卯,4,"煤矿工人,体力劳动者"
9,1,10,2,6,10,3,3,1,壬子癸丑己酉丙寅,4,"开山工人,体力劳动者"
9,1,9,1,3,9,1,7,1,壬子壬子丙申甲午,6,木匠
2,10,2,10,10,8,10,12,1,乙酉乙酉癸未癸亥,5,"农民工,体力劳动者"
9,1,8,12,4,2,2,6,2,壬子辛亥丁丑乙巳,5,宾馆服务人员
1,3,8,8,2,12,10,8,2,甲寅辛未乙亥癸未,6,"运动员,网球教练"
3,5,2,8,8,8,4,10,1,丙辰乙未辛未丁酉,8,国家队足球员
8,10,4,10,7,1,9,7,2,辛酉丁酉庚子壬午,8,全国武术冠军
2,12,4,12,3,5,5,11,1,乙亥丁亥丙辰戊戌,7,著名评书人员
7,1,6,4,8,4,10,6,2,庚子己卯辛卯癸巳,8,影视剧有名演员
3,7,3,9,1,5,3,3,2,丙午丙申甲辰丙寅,8,著名有军衔的歌手
1,7,1,11,4,10,9,3,1,甲午甲戌丁酉壬寅,8,梅兰芳
1,7,10,6,4,12,5,9,1,甲午癸巳丁亥戊申,6,工薪阶层
9,1,4,8,10,12,2,4,1,壬子丁未癸亥乙卯,6,工薪阶层
5,9,10,12,10,8,9,1,2,戊申癸亥癸未壬子,6,工薪阶层
3,7,8,4,3,11,7,1,2,丙午辛卯丙戌庚子,6,工薪阶层
7,9,6,4,2,10,7,5,2,庚申己卯乙酉庚辰,6,工薪阶层
5,9,9,11,5,7,9,11,2,戊申壬戌戊午壬戌,6,工薪阶层
4,8,9,3,7,1,9,7,2,丁未壬寅庚子壬午,7,比普通人稍好的工薪阶层
9,3,7,11,9,7,4,8,1,壬寅庚戌壬午丁未,6,工薪阶层
2,4,1,9,4,12,8,12,2,乙卯甲申丁亥辛亥,6,工薪阶层
2,4,6,2,4,2,7,11,2,乙卯己丑丁丑庚戌,6,"工薪阶层,工资低但有老公养"
4,12,10,2,4,8,8,12,1,丁亥癸丑丁未辛亥,4,"穷困潦倒,无婚姻,还瞎了一只眼"
1,3,4,4,2,2,7,5,1,甲寅丁卯乙丑庚辰,4,拉帮结派坐牢5年
6,10,1,11,1,9,2,10,2,己酉甲戌甲申乙酉,5,"经济问题,坐牢5年"
2,4,7,3,3,11,9,5,1,乙卯庚寅丙戌壬辰,5,"人应该本质不错,但因钱财问题坐牢5年"
1,5,4,2,3,3,6,12,1,甲辰丁丑丙寅己亥,2,杀人犯被枪决
5,5,3,5,9,9,5,9,1,戊辰丙辰壬申戊申,5,"原为政府办公室主任,但后因受贿42w坐牢9年"
8,12,3,9,6,2,1,11,1,辛亥丙申己丑甲戌,4,小偷
9,9,6,10,10,6,8,10,1,壬申己酉癸巳辛酉,7,"非法集资,风光一段时间,但后期入狱"
1,3,5,5,5,1,10,2,1,甲寅戊辰戊子癸丑,3,"少年犯,判了20年"
2,10,2,10,7,3,3,11,1,乙酉乙酉庚寅丙戌,2,杀人被枪毙
3,9,3,9,3,5,4,10,1,丙申丙申丙辰丁酉,7,有名中医
1,3,10,10,1,1,9,9,1,甲寅癸酉甲子壬申,2,杀人被枪决
2,10,6,4,1,11,8,8,1,乙酉己卯甲戌辛未,3,19岁强奸被判17年
3,9,8,2,3,9,10,6,1,丙申辛丑丙申癸巳,8,"副县长,但是贪财百万被抓"
8,4,6,12,6,6,5,5,2,辛卯己亥己巳戊辰,3,"以彩票名骗人钱财300w,判20年"
2,8,2,10,3,11,6,2,2,乙未乙酉丙戌己丑,5,"家庭不幸,婚姻不好"
9,3,10,2,8,10,3,9,2,壬寅癸丑辛酉丙申,5,"三次婚姻,嫁给黑道头目,孩子判给对方"
1,9,1,11,5,7,8,10,2,甲申甲戌戊午辛酉,5,"一辈子多波折,老年稍好"
6,10,1,11,1,9,2,2,2,己酉甲戌甲申乙丑,5,小姐
2,10,6,4,7,1,6,4,1,乙酉己卯庚子己卯,4,小偷
8,12,3,9,6,2,1,11,1,辛亥丙申己丑甲戌,4,小偷
6,6,3,3,5,7,4,6,1,己巳丙寅戊午丁巳,2,13岁车祸早夭
10,6,1,1,4,10,1,5,1,癸巳甲子丁酉甲辰,12,教员
3,11,5,11,8,10,9,5,1,丙戌戊戌辛酉壬辰,6,公安干部
2,8,3,11,3,3,10,6,1,乙未丙戌丙寅癸巳,4,中青年被火烧死
2,6,8,6,5,5,10,12,1,乙巳辛巳戊辰癸亥,5,"离婚,辛苦赚钱,玄学行业"
3,5,10,6,6,8,3,3,2,丙辰癸巳己未丙寅,5,"给别人当情人,有婚姻,不长久,人品不好"
9,3,8,12,6,8,3,3,2,壬寅辛亥己未丙寅,4,"穷,卖身"
10,2,6,8,3,5,1,7,1,癸丑己未丙辰甲午,4,"一生碌碌无为,无工作,无妻儿,靠父母吃口饭"
7,11,9,7,9,7,1,5,1,庚戌壬午壬午甲辰,5,"有学历,但无工作,需要靠老婆养活"
10,8,3,5,5,11,3,5,1,癸未丙辰戊戌丙辰,4,"穷,靠人接济,没有老婆"
3,1,5,11,4,2,4,8,2,丙子戊戌丁丑丁未,3,"丈夫早死,自己也伤残"
9,1,10,4,9,1,3,7,1,壬子癸卯壬子丙午,3,乞丐
9,1,8,12,4,6,8,12,2,壬子辛亥丁巳辛亥,3,25-26岁得白血病死亡
4,10,8,12,3,11,5,1,1,丁酉辛亥丙戌戊子,4,"穷,前后离婚,有两个老婆"
10,4,1,1,5,7,2,4,2,坤癸卯甲子戊午乙卯,3,剖腹产择日我个人观点，最好不要择日，顺其自然。择日的因果很深，有实力的命师，轻易不可能帮你择日，而能帮你择日的，多数是骗财。这是朋友圈看到一个案例，2岁小孩得白血病，庸师收5万，帮剖腹产择日，这个日子很凶。择好日本想达到最优组合，趋吉避凶，择不好，反而大凶。实践中我帮一个亲戚选了个日子，没想到后面提前出生。坤造：癸卯??甲子??戊午?乙卯（空子丑）胎元：乙卯??命宫：甲寅大运：乙丑5 ?丙寅戊午日元生甲子月，财星当令月上透杀，年上癸卯，时上乙卯，财生官杀旺。戊午日座印化官生身，一看好日子。庸师只知肤浅的命理，有官有印，又有财，很是富贵。不知子午冲，财坏印。双卯破午，印已经损坏严重，非但无大富贵，反而出大灾。年上财生月杀，时上官，官杀混杂财杀党众。甲辰年，七杀透克身，子午冲，卯午破，午坏血液的病，白血病。择日一千位命师，不超过五个能择好日，普通人顺其自然，不择日为好。否则花钱买闹心。多数择日，普通日子，遇到这种庸师与日子，那个人能受得住？子平术学习需要找到志同道合的易友，一起实战研究。大龙研究三十余载，欢迎交流学习。
10,4,9,11,7,3,3,11,2,坤癸卯壬戌庚寅丙戌,4,女命失手杀夫而引官司，与一般的官非不同，比如拘留几天，是我记得的唯一女命牢狱。坤造特殊案例是不少是风月之人，三儿之类。算命不是猜命，不是概率。命理学是科学，以生辰八字的推理预测。坤：癸卯?壬戌?庚寅?丙戌（空午未）胎元：癸丑??命宫：己未大运：癸亥9?甲子?乙丑?丙寅?丁卯?戊辰庚寅日元生壬戌月，印星当令。庚在戌中有余气，象有点根，戌伏到时，也有根。座下财星，丙透到时上，杀座根通库，寅中长生，又是戌月。好在月上透食，食能制住杀，平安顺利，制不住，杀就是鬼。问丙寅运何事？铁口牢狱。命中财杀都强，好在食伤透干制杀，平安顺利，制不住杀就是鬼。丙寅运，寅是座下寅伏吟到大运，代表命主本人应事。原命食神制杀，寅运食衰地，制不了杀，反生财，财生杀，杀无制成鬼。月时双戌，本是印化杀，但原命年上卯戌合，座下财来坏印，可谓凶神伏藏，大运寅到引动，灾大无比，必有牢狱。反馈失手杀夫，座牢。女命以官为禄，以食伤为福，命局食伤与官交战失衡，小孩父亡母牢狱，人生一悲事。有兴趣的易友，可以研究那年出狱，在公众号回复，超十人反馈。子平术学习需要找到志同道合的易友，一起实战研究。大龙研究三十余载，欢迎交流学习。
6,2,8,8,6,8,5,5,2,坤己丑辛未己未戊辰,4,这是转发自小红书的盘，没有具体来源与其它信息，可以确定的是，反馈与命盘相符合，大家可以参考。坤造：己丑?辛未?己未?戊辰（空戌亥）胎元：壬戌??命宫：庚午大运：壬申?癸酉?甲戌己未日元生辛未月，比肩当令月上透食，年时四土，七土一金，命局偏枯，必然有情况，这种盘还小，婚姻不会理想。问有什么特别的？答：脑子有病，反馈精神病。土重以食伤金为用，月上透金本是喜。可惜辛未，未中有丁，枭印夺食。支双未冲丑，丑中辛根坏，食伤受制，食伤是思想，脑子有病。食神制杀，杀入未墓，中年行北方财运，比劫克财，这命克夫。子平术学习需要找到志同道合的易友，一起实战研究。大龙研究三十余载，欢迎交流学习。
3,7,7,3,7,9,3,11,2,坤丙午庚寅庚申丙戌,4,这是二个坤命的四同八字，一个石女一个天生无阴道，四同的盘，大的趋势类同。尽管有的四同盘，可能完全不一样，但这是小概率事情，今天这个四同大家可以参考。坤造：丙午?庚寅?庚申?丙戌（空子丑）胎元：辛巳??命宫：壬辰大运：己丑8?戊子?丁亥?丙戌?乙酉庚申日元生庚寅月，财星当令月上透比肩，死绝之地。年时透杀，杀在年月时见根，寅申冲，地支禄被冲，天干杀克身，都是显示出身受制，人生中必有不全。问有什么病？答：子宫癌。反馈是一个是石女，一个是无子宫。这个盘总体而言，禄坏七杀攻身，命局失衡。具体什么病，还要细看命局。地支寅午戌三合，时上丙戌杀生印。寅申冲，申中壬水坏，杀克身又生戌土，相对枭印重，食受伤最重。壬是食神代表女性的生殖部位，断的子宫癌。反馈石女无子宫，非常符合。子平术学习需要找到志同道合的易友，一起实战研究。大龙研究三十余载，欢迎交流学习。
5,11,8,10,3,9,1,7,1,乾戊戌辛酉丙申甲午,4,大龙盲派八字实战群，每天的擂题由群里易友轮流出，打擂当天晚上由出题老师直接反馈，答案只有出题老师自己知道。上榜的老师，剖析易理，分享经验。大龙盲派八字实战群，玩的就是公平公正公开，易学圈子不大，相信很多易友听说过，期待能在易学道路相向前行。此造是刘八卦老师的邻居，感谢刘老师提供一手八字，下面是主要反馈：1学业小学三年(父是解放前教私塾的，文革打成右派坏分子69年退学，兄姐4人命主最小一兄抱养别人一姐嫁乐山，一兄去填房2贫困五保户3职业农民，4未婚5无子女62年得肺炎高烧三天被一土医生用炙法，射火救了一命，从此头脑有问题，但能把黑白电视和收音机修好，会嫁接果树，，78父伤摔伤，80年父去世，09年母去世，2019年政府给两间半房，现政府一月给800多的生活费，不交医保看病不出钱乾造：戊戌?辛酉?丙申?甲午（空辰巳）胎元：壬子??命宫：甲寅大运：壬戌9?癸亥?甲子?乙丑?丙寅?丁卯丙申日元生辛酉月，财星当令月上透财，座财支三合财局，财重。年上戊戌，食神生财，财无制。时上甲午，印生阳刃，阳刃克财，能制住财，就有富，制不住贫。阳刃没有坏，甲木印被月上的财克坏，甲在酉月死绝之地，年月日时，印无法立足，贫。财重无制，光棍。问辛酉运壬寅年，寅申冲寅是命局中的甲，局中死绝，再冲申必然被克制。天干壬是七杀制丙火，断眼克手脚残。实际是生病脑子出问题，甲是印，主智慧。最后一问是问19年己亥，我答题是以为编错，按19年答。丁卯运己亥年，大运比劫助身，卯申合印能得到印。流年己亥，官来生印，结合前面，断吉吃低保，反馈政府给办低保免费医疗，还给盖两间房。子平术学习需要找到志同道合的易友，一起实战研究。大龙研究三十余载，欢迎交流学习。
1,1,9,9,1,11,1,11,1,乾甲子壬申甲戌甲戌,4,这是群里的案例，没有任何提示，直断一个流年。只有一问，如果多问，可能从其中能分析出关联，一问就好像一个人来测算，只给八字，然后闭口，等命师算。大龙盲派测断，一直是盲断，只要命主八字，出生地即可。反馈命主是三只手，因为偷盗入狱。小偷，赌博命理，我在实践中，有些总结，八字特点：一是原局印被穿坏、冲坏，财重克印之象。二是比劫克财和财星上透比劫。三是印生到比劫，而自己得到印的力量小，或者印被日时克坏，又想去劫财。为什么牢狱？自己的财花完了，只能去劫别人的财，所以是骗子、小偷。之前有牢狱的案例，大家可以参考：乾造：甲子?壬申?甲戌?甲戌（空申酉）胎元：癸丑??命宫：乙亥大运：癸酉11?甲戌?乙亥?丙子?丁丑?戊寅?己卯甲戌日元生壬申月，七杀当令月上透印，申子会水，杀印相生。天干三甲分印，年上甲子，日时甲戌伏吟。杀印相生本主贵，但印的力量主要到了年上甲子，日时甲戌伏吟，戌是食伤库，代表命主意在求财，食伤不见而是用比肩取财，格局低下。问壬午年癸酉运什么事？答：牢狱。反馈命主是三只手，因为偷盗入狱。癸酉运酉穿戌，戌中丁坏，双戌穿酉，酉受伤，癸水受伤。癸弱能生甲木，甲木克财，而酉运，甲木死绝不能克财，可见命主不学无术，是个小混混。壬午流年，印在死绝之地，午戌半会意在财，子午冲坏印之象，如果甲木强，生的午火也强，没有问题。但是命中甲木死绝，生不了伤官，伤官冲印必然引动官星，牢狱。三个甲木三只手，很形象。小偷命理第三点印生到比却，而自己得到印的力量小，或者印被日时克坏，又想去劫财，本局很匹配。小偷命理的总结，是大概章法，具体应用要活学活用，不可拘泥。子平术学习需要找到志同道合的易友，一起实战研究。大龙研究三十余载，欢迎交流学习。
2,12,4,12,1,5,4,4,1,乾乙亥丁亥甲辰丁卯,4,上面视频有公众号总结，包含流量主收入，感谢打赏的易友们，谢谢。还有公众号粉丝群活动，有兴趣了解的可以看看。这是八哥群主提供的一手案例，那个经伟断得全错，就这种货，天天在群里吹，全准，那年发财，那年伤灾，百分百准。各群里这样的江湖骗子很多，大家自己注意。大龙的案例，都是各群实断，我断截图，反馈截图，没有百分百准确的神话，一直实战一直进步，服务好有缘人。下面是主要反馈：此八字太旺又得劫帮身，正印並印母入辰墓，自小行丙戌运冲开辰墓母亡，有个后妈，身旺偏不爱干活，读书散慢小学文化，三分钟热度新鲜，无耐心，两伤官一劫露出，目无法纪，说话嘴尖利不留余地，针对性强，好斗，好投机取巧，行到甲申比杀运，丙申流年被人砍伤手，到2023年脱运自制毒品被佛山三水官方拘留，2024年交癸未墓运，正坐牢于今天（2026年4月2日）17点回到我铺，解官非拁锁被我打开书教育了一翻。之前有牢狱的案例，大家可以参考：乾造：乙亥?丁亥?甲辰?丁卯（空寅卯）胎元：戊寅??命宫：己卯大运：丙戌1?乙酉?甲申?癸未?壬午?庚辰甲辰日元生丁亥月，印星当令月上透伤官，地支双印当令，时上丁卯，羊刃助身，亥卯半会，命宫又是羊刃，身强旺。时上伤官丁火，羊刃透天在乙，伤官月时伏吟。可惜伤官在卯病地，在亥死绝之地。伤官生财，生不了财，只能卯辰穿，羊刃是八字命理?“极恶之煞”，羊刃起到负面作用，代表刻薄冷酷，以怨报德，反复无常，难以自控，常因一时之气酿成大祸?。一眼穷的八字，老婆不一定有，学历不高，打工，当时我只瞄一眼，脑子里答案出来。年月印星过旺，母夭命。读书时乙酉运，卯酉冲，羊刃制官，从小是个小混混，小学文化。两个伤官夹身，伶牙俐齿，尖酸刻薄。行西方运，财无气，食伤虚透，没有老婆。丙申运，癸卯年，食神制不住杀，反受其累，卯辰穿财，想捞偏门挣钱，自制毒品被抓住牢狱。有交流的请在下面留言。反受其累，卯辰穿财，想捞偏门挣钱，自制毒品被抓住牢狱。有交流的请在下面留言。子平术学习需要找到志同道合的易友，一起实战研究。大龙研究三十余载，欢迎交流学习。
5,1,9,11,7,1,3,11,1,乾戊子壬戌庚子丙戌,4,这是感恩乐天老师提供的身边盘，2008年出生，问学业，出生，特殊之处，寿命。14岁的小朋友问寿命，有些惊讶，命主必有特别之处，这么小身体应该出问题。乾造：戊子?壬戌?庚子?丙戌（空辰巳）胎元：癸丑?命宫：辛酉大运：癸亥5?甲子?乙丑?丙寅?丁卯?丙辰庚子日元生壬戌月，枭印当令月上透食神，天干年上戊子时上丙戌杀来生印，枭印夺神。地支双子双戌，戌当令日座伤官，食伤制不住，只能用食伤泄。月上壬食制杀，但年上戊枭来克就是问题。问了四问，我看主要在特殊之处，解决了这个问题，其它都简单。这么小食伤有病，食伤是水。八字看疾病，主要通过命局的五行对应人体五脏：水肾、泌尿系统、生殖系统，血液。胎元癸丑，子丑合克伤官，应该在娘胎里，命主就有问题。戊在年上，指头部。所以答是先天性病，头脑血管之类。反馈脑瘫很符合。命理看疾病只能看大概，因为有的病，很难用那一五行去定义，这我问过一些中医。而我们研究命理，只能看出那个五行受制严重，从而知道在什么时候应灾，这就是学命理超吉避凶的意义。各位易友，八字看疾病，有什么心得可以留言交流。子平术学习需要找到志同道合的易友，一起实战研究。大龙研究三十余载，欢迎交流学习。
5,11,6,8,10,12,4,6,2,坤戊戌己未癸亥丁巳,4,这是在某手刷到直播，屏幕上显示命盘，里面好像好几个人在断。这是女孩父亲来问，让看看这盘怎样，官杀重，财旺，水弱，各种术语，没有结论。我断心脑血管病，男子反馈是血液病。我断是白血病，反馈差不多，是再生性贫血。小女孩23年脸色发白，乏力，24年变严重，去医院确诊再生性贫血，目前租在外面，财生官杀旺，家境贫。目前吃中药，有人给断风水，北方有铁架，有水。男子反馈没有，说要祖宅的房子，我准备退了，于心不忍，讲了句，是病好好治疗。后面男子会不会改风水，我不知道，这不是我能改变。下面有断疾病寿元的案例，可以参考：坤造：戊戌?己未?癸亥?丁巳（空子丑）胎元：庚戌??命宫：丙辰大运：戊午9?丁巳?丙辰?乙卯?甲寅癸亥日元生己未月，七杀当令月上透七杀，年上戊戌，官杀在年月时见强根，时上丁巳，丁火在未月是阴刃，财生官重，财官统局，日元只能弃命从杀，才能有活路。癸亥日元自座劫财，巳亥冲克财，对抗财官。日空子丑，禄元逢空，大凶之造。其父问此女怎样？答：心脑血液之病，反馈是再生性贫血。8岁女童的盘，这个年纪没有多大的喜事，而盘面我一打眼，是大凶。病在巳亥冲，心脑血液，而命局生机全无，断白血病。这种病，有钱有可能治疗，那么此造家境怎样？喜印印在戌中，未戌刑，印坏。印是生身之本，忌财，一路往南方财地，家境必然贫困。戊午运，戊从巳中透座刃，财中透的官，家中必然无力出钱治病，官杀是什么？是土而土埋万物，是墓。子平术学习需要找到志同道合的易友，一起实战研究。大龙研究三十余载，欢迎交流学习。
3,3,2,8,4,2,1,5,1,乾丙寅乙未丁丑甲辰,4,杀人者偿命，千古道理。命主16岁杀人，座牢20年出来，可见人生背后有条无形的线，影响着各人轨迹。群里断命主那年入狱，那年出狱，我断出来。命主主要信息如下：家里温饱算穷，初中，自小是问题少年，未婚。02年杀人，04年被判刑，24年出来。按我看这类盘，伤官无制易走极端。伤官是“克官”之星，代表反叛、不守规矩。若大运流年引动，制官时会极端。乾造：丙寅?乙未?丁丑?甲辰（空申酉）胎元：丙戌??命宫：甲午大运：丙申3??丁酉??戊戌己亥庚子辛丑丁丑日元生乙未月，食神当令月上透印，地支三重土食伤混杂泄身太过，丑未冲丑中癸杀被克，无法无天。天干月时印星透出本火喜，制食伤生身，可惜年上丙寅，比劫化印生食伤，格局损坏，埋下灾根。问那年牢狱？那年出来？答：甲申牢狱，甲辰出狱。丁酉运，辰酉合坏印，自己座在财上，为财乱来。壬午年，丁壬合午是禄，午未合，官被制，伤官见官为祸百端，杀人。流年见禄体旺，可以制住官，没有事。甲申年，财重坏印食伤生财，财旺官旺，这年被抓住牢狱。那年能出来？戊戌运伤官泄身只能继续座牢。己亥运寅亥合，官生印，印旺克食伤生身，能够出来，甲辰年印透生身出狱。子平术学习需要找到志同道合的易友，一起实战研究。大龙研究三十余载，欢迎交流学习。
1,9,6,6,10,4,5,7,1,乾甲申己巳癸卯戊午,4,这是晴天老师在D音刷到，命主2025年10月15日去世，胃癌转肝癌。当时没有反馈什么病，我自己去查，发现从命主去世后，其父为了流量，发了有上百条视频全是用命主照片，那年生，那年亡，不断为流量搏同情。其中连出生日期有几个都不一样，可见其父是在吃人血馒头。我发的命盘是命主身份证上的日期。04年出生，没有出生证上不了户口，所以八字是准确，命主出生在安徽安庆，无其它信息。晴天老师对此盘有疑惑，按她看应该是很好的盘，实际早夭。在我三十多年的实践中，发现八字中有种特殊盘，弱而不从：只有日元一个，其它无生扶，全是克泄耗。如从旺，不能再去制，否则弱而不从。下面有断疾病寿元的案例，可以参考：乾造：甲申?己巳?癸卯?戊午（空辰巳）胎元：庚申??命宫：己巳大运：庚午5?辛未?壬申?癸酉癸卯日元生己巳月，财星当令月上透杀，时上戊午财生官杀强旺，日元不见根无比劫，虽年上申正印扶身，但巳申合，支木火当令成势必然克申，这盘一眼看去，必然从杀。卯午破，甲克戊，食伤制官杀破局，弱而不从，必然出凶。问乙巳年何事？断牢狱见生死。辛未运乙巳流年，大运未地癸水之墓，日元入墓大凶。未月天干甲也入墓，制官杀的手段全失，凶险。乙巳流年，食生巳合申，财来坏印，命中要用的东西全坏，不禄。月上巳合申，巳是父亲，生的己土七杀克身，时上官在巳见禄，财起了很坏的作用。命主去世快一年，其父发了上百条左右的视频，内容大同小异，流量非常好，一直卖货。子平术学习需要找到志同道合的易友，一起实战研究。大龙研究三十余载，欢迎交流学习。
4,2,10,2,8,10,10,6,2,坤丁丑癸丑辛酉癸巳,4,杀人的案例很少，到现在为止，被杀之人在命局中是哪个字，很难定义。这个盘，按反馈看有迹可寻。下面是主要事情：大专。20岁丙申到娱乐场所做陪酒陪唱赚些? ?钱的工作、认识一个男友很帅、开始恋爱期间被一个老板看上、在金钱的诱惑下陪睡，这个老板财大气粗、不把命主当人看、为了钱财只能忍耐。21岁丁酉二月、命主伙同恋爱男友加男友的一个朋友、一起约好一个地点、殴打老板要出钱财后、把老板打死分解尸体扔掉。因为人失踪了、家人寻找、发现银行卡里的钱被那走、这个线索、很快找到了命主一伙。22岁戊戌由于主要杀人是男友、命主和男友的朋友是合伙人、男友判死刑、命主和男友的朋友判死缓无期徒刑。另类案例，有兴趣的可以参考：坤造：丁丑?癸丑?辛酉?癸巳（空子丑）胎元：甲辰??命宫：辛亥大运：甲寅8??乙卯?丙辰?丁巳?戊午?己未?庚申辛酉日元生癸丑月，印星当令月上透食神，天干食神制杀，地去巳生丑，官印相生，癸在丑月是余气，时上癸巳食被巳中戊克。命局表现两种象，一制杀，二印制食神，这是一个矛盾的特征。因此要看命局想要表达什么，不是我们自己认为怎样。巳酉丑会金局，印当令所以杀应该制。问乙卯运丙申丁酉年何事？答：被强暴。实际为钱下海被老板虐后，与男友分尸老板。乙卯运卯酉冲禄，酉是座下，命主本人的事。命中要制杀，无财杀当财看，七杀是老男人，杀当财看有钱的老板，丁丑癸丑，丑伏吟一个象，丑是比劫库透丁杀，与老板发生关系，食制杀是为钱。丁酉年杀克禄，禄又被财冲断被强暴很合理。此盘只不过给钱，过程不被当人。癸卯月食透克丁，老板被杀，很合理。子平术学习需要找到志同道合的易友，一起实战研究。大龙研究三十余载，欢迎交流学习。
3,11,5,11,2,8,9,7,2,坤丙戌戊戌乙未壬午,4,大龙盲派六爻群2020年8月开办，到现在6年，一直坚持打真擂，出题答案只有出题人一人知道，大龙盲派六爻群是全网第一个公开打真擂的六爻群。从开始的300多人，能坚持到现在的只有四五十人。大龙盲派六爻群擂题有三问，不是一问那种猜答案可以，上榜是真功夫。晚上通过冠军老师分析六爻易理，大家互相学习，不断总结，培养很多优秀卦师，现实中执业给人解忧。反馈：06年戌年出生，从出生到现在一直躺在床上，跟植物人差不多，20岁的人，看上去像个十一，二的孩子。出生一个多月胳膊被开水烫了，就出现这个意外，齐南人民医院查的说是脑神经衰死。反答与大脑有关的有分从六爻看，问06年小孩身休，是父母测以子孙为用神，应爻兄弟是子孙原神，申金临白虎空亡，病在金水，三爻申发动，临勾陈，是纠葛牵连，取精神血液病。病是因开水烫引起，植物人。那年得病，正常看六爻疾病，是问近几年的事，一出生得病，没人断对。二十年了，这病无解。申被世克，世下伏财生旺官，克原神申。子孙伏在父母下，一直受克。题目同时提供八字，下面从命理上分析：坤造：丙戌?戊戌?乙未?壬午（空辰巳）胎元：己丑??命宫：庚子大运：丁酉9??丙申?乙未?甲午?癸巳?壬辰乙未日元生戊戌月，财星当令月上透财，地支食神生财，一火三土财重。天干伤官生财又透印，如若无印伤官泄身生财，必然从财，现在透印克伤官破局，又坐比劫库，弱而不从。从先天命局来看，年上伤官泄身生财，财克印，病在丙火，伤官主思想，是头脑。印壬水受制，水是血液方面的病。能治好吗？八字看财重坏印是夭命，不会治疗好。丙申运官旺，庚戌流年透官，乙庚合官，庚是什么？庚是刀合是架在脖子上面，戌刑未去根，大凶之兆。子平术学习需要找到志同道合的易友，一起实战研究。大龙研究三十余载，欢迎交流学习。
6,4,7,7,6,8,2,12,2,坤己卯庚午己未乙亥,5,这是锦老师提供的一手案例，反馈一看与命盘符合。问题很多，看白了我两根头发。经过大龙盲派八字打擂群，学习提高，老师们答得都很好。都学过刑冲破合害，刑又自怎样？冲又怎样？一用不灵，具体用法，各派有传承，当然大龙盲派有自己的秘传用法。本文用破合实例，揭示一个不堪回首的女命。坤：己卯?庚午?己未?乙亥（空子丑）胎元：辛酉??命宫：丙子大运：辛未1?壬申?癸酉?甲戌己未日元生庚午月，月上见禄透伤官，午未合，身强体旺。时上乙亥，喜伤官生财，年上己卯破午禄，己从午中出生庚伤。问父母兄妹几个？18年19年？有没有钱，什么工作？答：父母感情不和离婚，有兄妹，18，19年下风尘，灰色，小三之类，存不了钱。午为母，庚为父，庚在午死地，母克父。要年上己生，时上乙克己，庚立不住，父母不合离婚。午是己禄，在月上，应该不是独子。18年卯戌合，戌是印库，比劫克财。克财破财，被娱媒公司骗签合同，欠大额赔偿金。从此风尘中滚打。女命月上的禄，人人可以碰，容易下海。午是女命的下体，庚伤官也是下体。卯午破，杀是男人，破的关系是伤害，乙庚合，用体合杀，时上乙亥，杀带财。所以日主与杀发生关系，是为钱。乙禄在卯，卯上透己，年己是卯的妻，所以是小三之类。命中庚不完整，行西方运，可以生财，财不会丰，存不下钱。子平术学习需要找到志同道合的易友，一起实战研究。大龙研究三十余载，欢迎交流学习。
1,9,6,6,3,9,1,7,2,坤甲申己巳丙申甲午,5,上一篇风尘女的案例，很多老师很认可，今天再发一位易友与我探讨的案例，一手盘。征得易友同意，愿意与更多易友分享，我发出来。与大龙私下交流的信息，请放心，我会保证隐私，不会私自外发。坤：甲申?己巳?丙申?甲午（空辰巳）胎元：庚申??命宫：庚午大运：戊辰5?丁卯?丙寅乙丑丙申日元生己巳月，月上见禄透伤官，时上甲午印生阳刃，体旺无疑。喜月上己土伤官泄秀生财，可惜年时双甲印合己伤官，层次不高。?月上己土伤官生财，甲己合，印坏事，思想偏激。反馈初中抑郁症哥腕。财弱行东方运，生火克财，家境普通，反馈对。丁卯运生禄，学历不高，高中，反馈是艺术本科。这是风尘女。巳申合，禄合财，申在年其它人老公。巳申合，巳是申的杀，是小孩，申从年伏到日，夹巳合，申是驿马星，男人往来之象。加上伤官坏，思想偏激挣快钱，没道德底线。反馈甲辰年下海，阳刃克财，钱来的快，花的也快，存不了钱。子平术学习需要找到志同道合的易友，一起实战研究。大龙研究三十余载，欢迎交流学习。
10,4,2,4,1,3,9,9,1,乾癸卯乙卯甲寅壬申,5,阳刃指五阳干帝旺之处，四正子午卯酉为阳刃，五行纯而气盛，盛处藏衰，冲官劫财凶，阳刃多现，越凶。阳刃架杀，食伤泄秀，可以发富贵，但人生波折大。大运流年引动，凶是分尸，轻则伤残。阴天干不存在阳刃，乙在寅是劫财，寅中有戊丙寅，杂而气散，没有刃一说。今天这个案例，是我没换头像时所断，大家可以参考。乾造：癸卯?乙卯?甲寅?壬申（空子丑）胎元：丙午??命宫：戊午大运：甲寅3?癸丑?壬子?辛亥?庚戌?己酉甲寅日元生乙卯月，阳刃当令月上透干头刃，年上癸卯，印生阳刃，阳刃重重必克父，这盘父必不寿，可惜没反馈。这盘克妻吗？可能小不利妻，不算克妻，易友们可以自己研究下。问17年丁酉年何事？答：见生死。己酉大运丁酉年，大运酉冲卯，流年酉冲卯，阳刃引动，刃指刀刃，要么砍入，要么刃崩。动了阳刃劫财官，命中财弱，财亡命灭，因为财为养命之源。反馈：他弟弟林用镰刀搂他的头部，第一刀没楼上，第二刀奔他脖子，楼他地脑瓜顶上。然后他地家属从地点儿出来拿广锹，将弟弟的撵跑。紧接着就上医院，然后捡条命，至今还是植物人。阳刃的凶，不但本人应，引动一方同样凶，其弟弟肯定被刑。子平术学习需要找到志同道合的易友，一起实战研究。大龙研究三十余载，欢迎交流学习。
7,7,5,1,7,9,7,5,2,坤庚午戊子庚申庚辰,5,李裕丰群主提供的八字都是一手八字，生活周边的人，反馈详细，真实可靠。看过我公众号文章的易友，对李群主应该了解。19年他问投资，发了自己八字，我断要破财，二三年后反馈，破财好几百万。李群主自己是命理爱好者，建了一个群，当时好多人断他要大发，花好几千，开车几千里，找安徽一大师算命，也是大发。一切都是命，不过李群主还是勇对生活，现在还在实业报国。坤：庚午戊子庚申庚辰（空子丑）胎元：己卯??命宫：丙戌大运：丁亥6?丙戌乙酉甲申癸未壬午辛巳庚申日元生戊子月，伤官当令。庚申天地一气，八专日，支三会伤官，八字克夫比较明显，下个大运，甲申，夫宫伏吟，当是应期。问婚姻应期，断壬寅年反馈是丙申，断错。年上庚午，午为正官，被月上伤官冲克，第一个男友肯定不成。丙戌运，七杀座库，有男人出现，能不能成婚？肯定不能，戌冲辰，开了伤官库，必会分手。问甲午年是否分手，反馈分手。甲午年，三庚争财，财生官，官强，冲伤官，水火相冲，双方火气大，必然分手。所以乙酉运，财来合身，才能动婚。断大专，温饱，质检。反馈是大专，温饱，开网店。月上戊子，印虚透，天干三庚分印，学历不高，大专，温饱。问此命特点，断三会伤官，弃婴送人养，反馈是抱养。子月的金，太寒，喜欢年上午火暧局。命不见财，官当财，年上午官，是祖基，也是养命之源。月上伤官冲，这是离祖之象。辰时出生，伤官库辰悔火，三会伤官，应在生时，必是生下没多久送人。看到此处易友，帮点个赞，谢谢。子平术学习需要找到志同道合的易友，一起实战研究。大龙研究三十余载，欢迎交流学习。
7,5,9,7,1,1,7,7,1,乾庚辰壬午甲子庚午,5,这群里遇到一位易友，他会一些命理，当然分辨不了书中讲的什么是对，什么是错。子午双包子不冲午，地支符合火炽乘龙，和子午双包格诗句中的午多见辰更相宜，这些格式化的命理条文，时准时不准，准不知为什么，不准不知为什么。今天来看这一手盘，精神病。乾造：庚辰?壬午?甲子?庚午（空戌亥）胎元：癸酉??命宫：辛巳大运：癸未3?甲申?乙酉?丙戌甲子日元生壬午月，伤官当令月上透印，时上庚午，双伤官泄气，喜印印被双午冲，年上庚辰双午生辰变墓子水，命中水受伤重。印是祖基，家境一般，学历不会高，行西方运生印。双午冲子，水火交战，午是伤官代表思想，精神容易有病。断庚子年冲午，得病。反馈是壬寅年。没有细问，庚子年有没有精神上问题。壬寅年，寅木化子水生午火，印受制，伤太重，精神病。易友自己讲伤官伤尽，实际这盘杀能制尽？杀生印为喜，如制尽杀，精神上不是现在这样，控制能正常交流。子平术学习需要找到志同道合的易友，一起实战研究。大龙研究三十余载，欢迎交流学习。
4,6,7,11,1,5,1,11,1,乾丁巳庚戌甲辰甲戌,5,大龙盲派八字群422期，是思静老师提供的一手八字，反馈与八字符合，详细，及时，感恩思静老师辛苦值班！总分160分，140分以上的冠军，110分以上的亚军。很明显，上榜老师的得分都很高，经过多年的实战，各位老师命理水平提高很多。上面视频是各位上榜老师命理分享录屏，有兴趣的易友可以观看，想要八字实战的易友，欢迎加入大龙盲派八字实战群。乾：丁巳　庚戌　甲辰　甲戌（空寅卯）胎元：辛丑??命宫：丁未大运：　己酉3　戊申　丁未　丙午　乙巳　甲辰甲辰日元生庚戌月，财星当令，月令财生杀透，支三重土，食神盗气，很明显财重，喜印印不现，好在时上透比却，可以安身立命，也算勤干之人。财重无印，层次温饱，学历不高，喜印，印入墓，两戌冲辰，印墓也坏，工作不可能有贵气。这个八字婚不易看，双戌冲辰，妻宫双冲，离婚之象，好在时上甲透克座下戌，所以答的一婚。反馈是夫妻双方不在一起工作，经常分开，也应了双戌冲辰。此命最难的就是壬申年父亡，毕竟财当令食伤生财，印入墓，被冲两次，答这题时，是母亡还是父亡，我思考了有十几分钟，中间一度间隔几十分钟，正应了台上一分钟，台下十年功。毫无疑问，月上戌土就是父亲，时上戌土是继父。年上丁火相生，月上透庚杀盗气。戌月土当令，支三重土一火，初一看没有毛病。戌月丁入墓，辰冲戌，戌中丁火坏，月上庚盗气。如果父要出问题，一是大运坏了丁火，二是大运庚见根，泄尽戌土。戊申运壬申年，戊从巳中戌中出，大运虚透，命局土实大运怕虚，凶象毕露。流年壬申，庚金见根，泄尽大运的戊。大运申中壬水藏而不透，壬申年壬水透干，申化土生水，印的力量非常大，引动比却甲木，克财，父亡。大龙盲派以理服人！八字的开始是理，所以学命理的基础是理法。反馈后的命理分享，验证了父亡的推理，思维发散，灵识喷涌，当场实断，有继父，继父老婆亡，有小孩。反馈是有继父，其它二项不便找命主反馈。子平术学习需要找到志同道合的易友，一起实战研究。大龙研究三十余载，欢迎交流学习。
8,8,8,4,7,5,8,6,1,乾辛未辛卯庚辰辛巳,5,这个案例看样子是转发的，没有其它细节。缅北电诈园，国内黑黑有名，这我们不敢参观，来赏析一个缅北电诈犯的八字，算是另一种兴致。乾造：辛未?辛卯?庚辰?辛巳（空申酉）胎元：己酉??命宫：丁酉大运：庚寅2 ?己丑?戊子?丁亥庚辰日元生辛卯月，财当令月上比劫，天干比劫一片虚透。月上比劫克财，年上辛未，比劫制财库，时上辛巳，阳刃架杀。命盘全是想制财官，座下印星，卯辰穿，财坏印。品德败坏，无法无天，嚣张跋扈，格局低下，违法信息明显。问癸卯年何事？答牢狱，反馈是。尽管比劫一片虚透，制财官，但是比劫不能坏。丁亥运癸卯年，大运丁克辛，亥卯未三合，财旺想发财。比劫坏，无取财手段，只能非法取财。癸卯年，卯辰穿，财生杀旺，诈骗被抓。子平术学习需要找到志同道合的易友，一起实战研究。大龙研究三十余载，欢迎交流学习。
3,11,6,12,1,7,5,5,1,乾丙戌己亥甲午戊辰,5,这是心安老师一手案例，一位盲师，儿子痴呆，结了三次婚。乾：丙戌?己亥?甲午?戊辰（空辰己）胎元：庚寅??命宫：庚寅大运：庚子8 ?辛丑?壬寅?癸卯?甲辰?乙巳?丙午甲午日元生己亥月，印星当令，月上透财。座下伤官，天干财星混杂，食神泄气，虽印星当今，土来浊水，较显无情。问工作，首先此造一眼看去无富贵，这没有争议。以胎元命宫来看，午临小耗，丙辛合，丑戌刑，辰戌冲，食伤库坏，这是先天眼盲之象。观其行运，东南向，日元有生扶，断是盲师，反馈是盲师。其子痴呆，与命局完全符合。官在戌中，被丙合制，以子孙宫来讲，临大耗，都是不吉。财来坏印，三婚无贤妻。子平术学习需要找到志同道合的易友，一起实战研究。大龙研究三十余载，欢迎交流学习。
8,2,3,9,10,6,3,5,2,坤辛丑丙申癸巳丙辰,5,这是群里老师发的一个案例，是一位大师自吹的案例。命主母亲找它算命，断小孩有残疾，活不过27年。大龙盲派断生不断死，无论求测者出于什么目的，断对断错对命主本人都会产生重大影响。命主母亲听到这样，可见内心的煎熬并且我个人认为命主27年不会死。坤造：辛丑?丙申?癸巳?丙辰（空午未）胎元：丁亥??命宫：癸巳大运：丁酉9 ?戊戌?己亥?庚子癸巳日元生丙申月，印当令月上透财，癸巳自合财官，时上丙辰，财生官，天干双财合克辛印。按地支来看，印当令，没毛病。天干两丙合辛，辛生癸，所以辛坏癸受伤。年上辛丑，是入墓还在座根通库？这决定命局的主要关键之一，辛在申月，金当令，辛得令丑以库论。丙辛合，丙对辛的合克会怎样？查看命主是立秋后6天生，丙有热气，辛是太岁受克，估计有先天性的病，比如心脏。癸巳合克财，辰丑土泄火生申，所以巳中庚不会坏。丁未年，冲辛丑，虽有冲克但命不犯绝，肯定不会死。子平术学习需要找到志同道合的易友，一起实战研究。大龙研究三十余载，欢迎交流学习。
6,6,4,4,4,4,2,6,2,坤己巳丁卯丁卯乙巳,5,这是八一老师提供的真实案例，命师给人算命，没算对自己不知道怎样取用，群里多数断富贵的盘，今天分享此案例，大家共同学习交流。离婚后交往多少男友没问题，没离婚与它人同居乱伦可耻。坤造：己巳?丁卯?丁卯?乙巳（空寅卯）胎元：戊午??命宫：癸酉大运：戊辰9?己巳?庚午?辛未丁卯日元生丁卯月，印星当令月上透比肩，地支两木两火，木强火炎，行事极端。年上食神泄秀，去火之毒，可惜时上透乙，枭神夺神，格局败坏。看学历，戊辰运，去火之燥，卯辰穿，只能读大专。喜财命不见财，年上巳中伏庚财，月上死绝，普通家庭。看婚姻，命不见官，以财为夫，两庚在巳中，两段婚。庚午运，财在死地，自己无财。食生的财为喜，枭神夺食，乱伦二夫并行。子平术学习需要找到志同道合的易友，一起实战研究。大龙研究三十余载，欢迎交流学习。
8,6,10,6,7,3,6,4,1,乾辛巳癸巳庚寅己卯,5,?这是一手案例，01年生高中学历，在学校时，数学很厉害，老师都惊讶，没读大学。我虽不信宿命论，但很多事情，又很奇怪的发生。乾造：辛巳?癸巳?庚寅?己卯（空午未）胎元：甲申??命宫：丁酉大运：壬辰8?辛卯?庚寅?癸丑庚寅日元生癸巳月，七杀当令月上透伤官合杀，年上辛巳，阳刃架杀，都是要制杀。地支财生杀旺，时上己卯，印星在死地虚透，层次降底。问学历，初运行东方，财生杀旺，印死绝，断高中，反馈中专。01年正常读大专，断高中是要勇气。庚子流年辛卯运，比劫本制财，现在生伤官，伤官生财，财旺生杀，官非。因与女客户口解斗殴进派出所。辛丑流年辛卯运，比劫助身，丑是印根比劫库，发财。父病赔60万，治病有医保，是进财。子平术学习需要找到志同道合的易友，一起实战研究。大龙研究三十余载，欢迎交流学习。
8,10,3,9,4,2,7,11,1,乾辛酉丙申丁丑庚戌,5,此造是莲生老师的一手八字，感谢莲生老师提供一手八字供大龙盲派八字实战打擂。反馈详尽，节选部分，上面图片有全部反馈。命主初中毕业，出生家境普通，一婚离异，跟着大哥做事情，不是正经工作之人，壬辰年打人，己亥年被判入狱，癸卯年出狱。乾：辛酉?丙申?丁丑?庚戌（空申酉）胎元：丁亥??命宫：丁酉大运：乙未8?甲午?癸巳?壬辰?辛卯?庚寅?己丑丁丑日元生丙申月，财星当令，月上财透劫财，天干比却合财，地支戌丑刑。此造特殊，有两种可能，一顺着财官走，二财重身轻。按大龙盲派秘传，查其气的强弱，立秋后二十天出生，湖北人，比劫得地，火有余气，财重身轻。当我得出此结论，我脑子里突然就有命主会有牢狱的念头。乙未运，印星透出，助身，看差有学历。其实乙未运，印星以入墓论，直断初中。看层次，挣钱发财看20多，癸巳运，比却见根，可以发财。可惜癸巳合，杀合比却的禄，也是财来财往，断其温饱。微信群里着重语音分享了牢狱，语音的气场与文字分享当然不一样，欢迎有志与命理学习研究的易友进群交流，当然只知获得不知付出的不要来，八字实战群建群一年多，清退差不多三百人。问己亥，癸卯年何事？观其在壬辰运，壬从申中出，丁壬合，辰冲戌，申辰拱子水，命局驳杂，大凶之兆。流年己亥，食神合官，大运官星见根。食神虚透，合不住官，牢狱。癸卯年，杀印相生卯戌合，合动比却库，戌刑丑，制丑中杀，出狱。大龙盲派以理服人，癸巳运壬辰年犯事，照样没事，命理学的因果报应，必须要大运引动。为什么壬辰运，不是寿尽而是牢狱？各位易友可以思考，观其后运，此造寿不长。子平术学习需要找到志同道合的易友，一起实战研究。大龙研究三十余载，欢迎交流学习。
3,3,7,3,2,10,7,5,1,乾丙寅庚寅乙酉庚辰,5,当时我发公众号文章《派出所所长，伤官制官》，易友发一个盘，他认为伤官制住官星，发贵。我只看一眼，就知道，这官制不住，必然无贵。当然这盘可能是他自己的盘，和多数人一样，看到好的格局，与自己类似，总会套好的事。乾造：丙寅?庚寅?乙酉?庚辰（空午未）胎元：辛巳??命宫：己亥大运：辛卯8?壬辰?癸巳?甲午?乙未乙酉日元生庚寅月，比劫当令月上透官，双虎从年伏吟到月，身强体旺。乙庚合官座酉杀，年上丙寅，伤官座长身克官，官能克住有贵，克不住，无贵。8岁行辛卯运，正是读书时，要制官，丙辛合，官反而无制，学历不高，反馈是初中。层次降低，因为发贵，多数都要有高学历，又是86年生人壬辰运，印克伤官，辰酉合，命局中的官被加强，用伤官伤官被制，官应制大运反而生，不可能发贵。只看一眼秒断无贵，反馈是个辅警。子平术学习需要找到志同道合的易友，一起实战研究。大龙研究三十余载，欢迎交流学习。
4,2,2,6,4,6,2,6,2,坤丁丑乙巳丁巳乙巳,5,在群里看到这样偏枯混乱的盘，我喜欢参断，如上图。因为偏枯，取用不定，主要情况如下：温饱，三本，企业电力公司一婚一女乙巳结婚生女，2017：生病，2021：事业财运好有一姐，自己双胞，另一是哥，父母双全，父高血压，20毕业工作。21年开始，事业财运好。24年农历9月订婚，25年正月22，2月19结婚，同年生女。坤造：丁丑?乙巳?丁巳?乙巳（空子丑）胎元：丙申??命宫：丁未大运：丙午8?丁未?戊申?己酉丁巳日元生乙巳月，比劫当令月上透印，巳火从月日时伏吟，月时两层印星生，比劫一片成势，刑克六亲。年上丁丑，丑中辛为父，丑生命无刑冲，父没有大问题。命不见财官，丁巳日官星在夫宫死绝，将来婚姻老公很可能有问题。断家境一般，学历二本左右，25年结婚。喜财不见财，以食神当财，丙午运穿丑，财富一般。忌印印双透无制，丁未运高考，未是印库，食神化比劫，学历不好，实际三本。命不见官，巳中藏庚，以财为夫。丁未运，未冲丑，有花无果。戊申运，伤官生财，乙巳流年，巳申合财，结婚之象。子平术学习需要找到志同道合的易友，一起实战研究。大龙研究三十余载，欢迎交流学习。
1,7,10,10,8,8,7,3,1,乾甲午癸酉辛未庚寅,5,上面是一位缘主的反馈与认可，与古镇一嘴骗子自吹自擂，用托假算命，真反馈就踢有本质区别。关于寿元有好多种断法，有食伤，印为寿元，这是主流看法，实际上，财，官，比劫都可以看寿元，不同组合的命盘，取用不一样。下面的案例是千里马老师提供的一手案例，真实可靠，今天与大家共同学习。乾造：甲午?癸酉?辛未?庚寅（空戌亥）胎元：甲子??命宫：庚午大运：甲戌10?乙亥?丙子?丁丑?戊寅?己卯?庚辰辛未日元生癸酉月，禄元当令，上透癸食，时上庚寅，比劫生食，食神生年上的财。年上甲午，财生杀，寅午半合杀，命宫座杀，杀破禄，寿不长。地支寅午合，午未合，实际未印有力，食神支无根，只能靠自己挣小钱。问层次，寿元？中年行北方运，食伤见根，但命局食伤无力，虽行运亦无发迹。晚年行财虽喜，但官无制，有点小财，断温饱。论寿元，月上禄坏，时柱庚寅，比劫来克财，财坏印，所以庚不能坏。戊寅运，戊从寅中出，也是时上的寅，生庚，没有问题。己卯运，卯午破，己印禄元坏，财坏印，庚也坏。癸卯年交运庚辰运，庚在胎养之地，也是投胎之象。男怕交运，气驳。卯午破，坏印禄。甲辰年，财坏印，断禄尽。实际癸卯重病，乙巳年不禄。子平术学习需要找到志同道合的易友，一起实战研究。大龙研究三十余载，欢迎交流学习。
10,8,3,5,1,1,10,10,2,坤癸未丙辰甲子癸酉,5,这是旭日老师发的一个特别命盘，官印相生，很多老师断成很好的命造。反馈后大跌眼镜，下面是详细反馈：父母与继父母互换，父母离婚后，父娶继母，母嫁给继母的老公。随奶奶长大，初二学历，小姐，14岁被继母的丈夫和儿子糟蹋后，被鸡头控制挣钱，目前为止身上只有够一天的吃饭钱。辛丑年曾流产过一个，共五个。辛丑年奶奶去世，家里种地，贫穷，父老实。母改嫁三次，第一任遭家暴，生下一子，三任是继母的丈夫，对子女没有亲情，很自私。可以参考之前类似的案例：坤造：癸未?丙辰?甲子?癸酉（空戌亥）胎元：丁未??命宫：乙卯大运：丁巳6?戊午?己未?庚申?辛酉?壬戌?癸亥甲子日元生丙辰月，财星当令月上透伤官，年月双财，财有伤官生，辰酉合财重生官，喜印化官生身，自座印星，年时双印透制伤贴身相生有情，这样看是个好命。年上癸未，癸是母，未是父。辰月癸死绝之地，座未又是死绝，怎能生身，母亲自顾不暇，地去子未穿，印根损坏，格局混乱，层次天上地下翻转。问出生家庭，职业，学历，辛丑年？答：出身：普通。学历：高中。职业：小姐。辛丑年下海，伤病。财重喜印而财来坏印，父母能力低下，家境普通。癸水在年月被克严重，只能靠时上酉金生，必然是多婚命。癸未，未是父癸是第一妻，子未穿，子是第二婚。学历看印星，命中印被克，一路南方运生财坏印，03年生人，给了高中，实际初中没毕业。财重喜印比，年上未土是财又是比劫库，必然要靠未中比劫助身克财，未上透癸印，印是技能。未可以理解成工作之地，子未穿财坏印代表工作的地方是非法取财，比劫库表示有很多姐妹在一起，必然是小姐。癸水被克，很低档的小店。辛丑年戊午运，伤官生财，戊癸合财坏印，应凶。辛丑年，子丑合，官来克身，答伤病，实际是打胎。继父的事，讲实话，盲断应该很难，但是反馈后，可以解释，各位易友可以自行参断。子平术学习需要找到志同道合的易友，一起实战研究。大龙研究三十余载，欢迎交流学习。
3,7,2,8,10,10,4,6,2,坤丙午乙未癸酉丁巳,5,"八字看疾病，主要通过命局的五行对应人体五脏：木（肝胆、筋骨），?火（心脏、血液、小肠），土（脾胃、消化系统），金（肺、呼吸系统、皮肤），水（肾、泌尿系统、生殖系统），这是主要方面，实际好多病症，我问中医，很难说清是什么五行。因此，八字看疾病，只能是粗略参断，供参考，唯一确定的是，命局在大运流年引动，加剧命局五行失衡，从而引起病症。今天的案例是B站实测，问她母亲今年怎样？实际我一眼看见大凶癌症，考虑到别人的接受度，我只断身体有疾，病在肺和泌尿系统，实际是子宫癌。坤造：丙午?乙未?癸酉?丁巳（空戌亥）胎元：丙戌??命宫：癸巳大运：甲午3?癸巳?壬辰?辛卯?庚寅?己丑?戊子癸酉日元生乙未月，七杀当令月上透食，年上丙午时上丁巳，财重生杀旺。本来食神制杀，可惜食生财，午未合食不能制杀，反而辗转生杀。癸在酉是病地，财坏印，整个命局偏枯混乱，格局不高。问丙午年己丑运什么事？有杀先论杀，命局财生杀，所以行辛卯，庚寅运，天干透印，地支食伤制杀，问题不大。己丑运七杀透克身，必然大凶。丙午流年，是命局丙午伏吟，引动午未合，财坏印，癸水死绝之地，我一看要见生死，癌病。断肺泌尿系统，金水受伤。子宫癌早期偏中。""月令未土是全局的忌神吧，按道理说未和大运丑相冲，把忌神冲了，把丑金库重开应该是好的吧""，命主女儿的分析 ，这就是书房派没有实战经验，冲去未土，丑不是土？各位易友，八字看疾病，有什么心得可以留言交流。子平术学习需要找到志同道合的易友，一起实战研究。大龙研究三十余载，欢迎交流学习。"
1,11,8,8,4,8,2,6,2,坤甲戌辛未丁未乙巳,5,这是一位易友分享的案例，平生未见，各位易友参考。下面是其人生主要经历：2016年，骗自己闺蜜去新疆，然后闺蜜被L奸，生下一个孩子。2017年闺蜜回来，带人吓她父母，父母被吓当时没事，过了几天，突然猝死，告不赢!2019年，做传销，忽悠自己姐姐，姐夫，姐夫3千多万赔进去，直接破产。2020年，做口罩，倒腾转卖二手口罩机，那些老板亏了，带人搞她，后来靠出卖色相跟其中一个老板好上。2021年，跟老板好上的同时，跟别的男人那啥，怀孕，让老板养2022年，被老板发现，让她去陪领导睡觉，刚出生的女儿被不小心扔进熔炼钢铁的铁水里，尸骨无存2023年，套路家人，跟自己大伯争家产，因老人生前一句话，还有视频，法院判给她拿到一套房子。偏枯的女命案例可以参考：坤造：甲戌?辛未?丁未?乙巳（空寅卯）胎元：壬戌??命宫：己巳大运：庚午5?己巳?戊辰?丁卯?丙寅?乙丑?甲子丁未日元生辛未月，食神当令月上透财，地支食伤泄身太过，喜时上乙巳，印生比劫助身。丁乙从未中透，乙木枭印本为吉，主敏锐，领悟力，创造力。月上辛财坏印，乙从未中出，乙天生受克不完整，贪财坏印，背信弃义，枭印代表负面力量，阴险，自私，狡诈。日空寅卯，印禄空更加剧放大枭印的负作用。己巳运丙申年，大运巳为喜助身，巳代表别一个人。流年丙申，巳申刑合，闺蜜被L奸。己土食神代表子女，巳为生，闺蜜生下一个孩子。己巳运丁酉年，甲己合动印星为母，甲在巳运死地，丁酉年穿动戌，母猝死。戊辰运己亥年，大运伤官泄身，加剧了命局食伤泄身的负面作用，必然要大破耗。流年己亥冲巳，巳是命主的姐姐，害姐家3千多万赔进去，直接破产。未刑戌，戌上透甲印，食伤坏被印克，不利子女，戊辰大运，冲戌引动，流年壬寅，甲木见根克戌，女儿尸骨无存。戊辰大运癸卯年，命主喜印流年杀来生印，印代表事业祖房产，杀代表官方，杀生印克食伤，套路家人，因爷爷奶奶生前一句话，还有视频，跟自己大伯争家产，最后闹上法院，判给她拿到一套房子。子平术学习需要找到志同道合的易友，一起实战研究。大龙研究三十余载，欢迎交流学习。
6,8,4,4,5,11,1,3,1,乾己未丁卯戊戌甲寅,5,这是4月15日八字实战群508期的打擂题，当时看八字原命寿不长，大运流年都有死象，断死亡，后面反馈没有死。4月23日，艾草天医老师反馈命主天4月19日去世，农历三月十一，戊辰月甲寅日。艾草天医老师，认识有四年多的易友，一起打擂，六爻八字都很精通，感恩艾草天医带来的一手八字与详细反馈。大龙盲派八字实战群，其它案例：乾：己未　丁卯　戊戌　甲寅（空辰巳）胎元：戊午?命宫：乙亥大运：丙寅9　乙丑　甲子?癸亥?壬戌戊戌日元生丁卯月，官当令生丁印，年上比却助身，日上甲寅，藏官透杀。粗看八字，杀印相生，发富发贵。实际上群里很多老师，断的好命，所以当天的成绩不太理想。细看命局，卯戌合，用体合官，甲己合，阳刃架杀，都是合制官杀。卯戌合，丁从戌中出，墓中的丁火在卯月，是虚透，年上阳刃分印，时上甲寅，七杀在卯月旺极，这点丁火化不了杀，所以格局不高，富贵无缘。层次温饱，自由职业合同工。命书讲座下比却克妻，而此造用座下的体合制官，命不见财，财不坏印，所以一婚。所谓书房派断命，肯定不行。流年主要讲下壬寅，癸卯年。命局喜印忌财坏印，癸亥运，癸水克丁印，寅亥合，加强七杀的力量，寅亥合寅中的丙火也坏，整个命局大运体现的财杀克身，阴灭阳，禄尽。命局阴被制尽，阳被制尽都是死亡之象，学命者不可不察。壬寅年，丁壬合，财来合印，生杀，所以是投资破财。癸卯年，癸克丁，与大运癸伏吟，是同一象。卯戌合，座下体受制。卯与月上的卯也是一个象，不过丁卯生月有印化，癸卯财来坏印，断的死亡。当时反馈是脑溢血，只能卧床，艾草甚至没有反馈命主有死亡之兆。那是4月15日，4月23日反馈，农历3月11命主已经去世，甲辰年戊辰月甲寅日。富贵在天，生死在命，多行善事。德行够，遇到高人指点，也可能是另一结局。大龙盲派八字实战群，玩的就是公平公正公开，易学圈子不大，相信很多易友听说过，期待能在易学道路相向前行。共同学习，不断提高命理水平。子平术学习需要找到志同道合的易友，一起实战研究。大龙研究三十余载，欢迎交流学习。
9,7,8,12,10,4,8,10,1,乾壬午辛亥癸卯辛酉,5,群里实战过三关，无论大师讲什么，过三关马上见分晓。盲派过三关，主要指父母过，兄弟关，妻财子女。现在问兄弟的少，一般开始断家境，学业，婚姻。今天这个案例是2026/4/17日刚断，有代表性，发出来各位易友研究。?枭神夺食?是特殊的凶格，大家都知道。于?偏印（枭神）无情克制食神?，导致福气、才华、健康、子女等被压制或损耗。什么情况是偏印？什么情况是枭神？不一定大家都知道。命盘体旺喜食伤泄，而印夺食是枭神。命盘官杀重，喜印化杀生身是偏印。之前整理的过三关案例，有兴趣的可以参考：?乾造：壬午?辛亥?癸卯?辛酉（空辰巳）胎元：壬寅??命宫：己酉大运：壬子3?癸丑?甲寅?乙卯?丙辰?丁巳?戊午癸卯日元生辛亥月，比劫当令月上透印，天干两辛一劫，金水得势。地支自座食神，生年上午财，可惜时上辛酉，印冲食神。生旺用食泄秀，而辛克食，偏印是枭神。命局最凶格局之一，枭神夺食。木火相依早年行北方运，金寒水冷，木无生发，必然学业不成，断高中，实际初中。命主实际不爱学习，学不进，02年生人早早下学。金水得势，年上壬午，午是父亲。卯食生财而酉冲卯，孤财无辅，父母关系不好，命局财星受制太过，父母离婚。枭神夺食人糊涂，自己讲没有，断技术工，25，26顺利挣钱，反馈没有。我讲是比之前顺利，反馈是。可见人是有些糊涂，答非所问。为什么父母离婚是跟父亲过？各位可以自己研究，欢迎有问题留言交流。子平术学习需要找到志同道合的易友，一起实战研究。大龙研究三十余载，欢迎交流学习。
9,11,6,10,8,10,3,9,2,坤壬戌己酉辛酉丙申,5,这是在群里看到的盘，禄与比劫成势。传统命理书中讲女命身弱为喜，从阴阳来讲，女为阴，要以柔克刚。古代夫为妻纲，工作基本以男人为主，而现在社会，男女都可以工作，不能以身弱为喜，但是从阴阳角度来看，女人身弱有现实意义，看到好多绿茶没？？？“禄”在八字中代表?临官之位?，象征俸禄财富代表稳定收入与社会资源。我在学习命理时，比肩，劫财，禄见到不知其所以然，后面随着命理提高，慢慢理解。天干日元，在地支临官，是禄，帝旺是劫财。禄是自身的延伸，运用自如。而劫财，那怕亲如兄妹，各有利益不同，不能完全为自己所用。但本质来讲，都会克财。禄多财官轻，命局失衡，反而贫穷。直断学习，层次，结婚流年，克父，离异命，这才是真正的实断，秒杀江湖大师。命主主要信息如下：之前比劫重的案例，有兴趣的可以参考：坤：壬戌?己酉?辛酉?丙申（空子丑）胎元：庚子?命宫：辛亥大运：戊申10?丁未?丙午?乙巳?甲辰?癸卯?壬寅辛酉日元生己酉月，禄元当令月上透印，天干伤官制官，地支三会酉。本身双禄伏吟从月到日很强，再三会财不见，官虚透，命局失衡，格局很低。分居十年未离婚，对双方都是折磨，心理身理失衡，命主自己讲今年办离婚手续。身强体旺，生的食伤，食伤不生财，反制官，可想而知，命主个性很强，除了自己谁也不服。早年行戊申运，枭印夺食，断高中。中年行官运，而命局官立不住，层次温饱。丁未运杀透，运转南方官杀强旺，流年见官杀必然结婚，断丙戌丁亥结婚。南方运官旺，流年体旺，食伤可以制官，丙申年分居。比劫重重必克父，不见财星命也固，大运见财父必亡。乙巳运，财星透，群比夺财，父亡应期。壬寅年财星一落地，父亡。子平术学习需要找到志同道合的易友，一起实战研究。大 龙研究三十余载，欢迎交流学习。
7,9,4,12,10,4,10,2,1,乾庚申丁亥癸卯癸丑,5,这是5月13日在群里看到一案例，当时群里大师断了很多，又是旺喜财官之类，关健事情，一件没有。命主想问还能不能成婚，我当时断了过去，反馈特别慢，我没有继续。这盘一看必父早夭，当然在命主面前，不用太直接，流年基本断出来。后面命主反馈后，大师马上一套组合理论马后炮。这是典型江湖大师，马前炮不行，马后炮牛B。“比劫重重必克父，不见财星命也固”这口诀学点命理的都知道，但是使用中的关键点不一定理解。1. ?比劫重重必克父?“比劫”指八字中的?比肩?与?劫财?，同时印星重，“重重”一般指比劫当令或者印当令，如果以数量来看，比劫与印星要占命局4个。从六亲角度看，财代表?父亲，受制严重，父亲健康受损、早逝、关系疏远或经济支持薄弱?等现象。2. ?不见财星命也固?“不见财星”指八字原局中?没有明现的正财或偏财?（即天干不透、地支无藏）。这种情况下，?父亲未必早亡或受克。大运流年父星现时，父应灾。之前比劫重的案例，有兴趣的可以参考：乾造：庚申?丁亥?癸卯?癸丑（空辰巳）胎元：戊寅?命宫：庚辰大运：戊子5?己丑?庚寅?辛卯?壬辰?癸巳癸卯日元生丁亥月，比劫当令月上透财，天干印生比劫，丁财虚透。地支申亥穿，亥中甲木坏。亥卯半会，卯上透癸，座下食神能否生财？当然生不了财。命局金水成局成势，阴阳失衡，非常困难。早年行北方运，己丑运生印而食伤受制，断初中。中年行东方运，但大运透印克食伤，只能技术打工，断温饱。反馈是技校，温饱。命中财星受制产生两个问题，一父夭命。月上丁是父，座亥死地。命局中没有一点生机，亥中甲被太岁克，不用看大运，流年引动必亡。断壬戌，癸亥，反馈是84年，并没有月份，当然可能是癸亥年丑月。财星受制，食神卯又生不了财，什么时候有婚姻？有易友能给解开这个迷？子平术学习需要找到志同道合的易友，一起实战研究。大 龙研究三十余载，欢迎交流学习。
6,6,3,3,2,4,2,10,2,坤己巳丙寅乙卯乙酉,5,这是群中看的一个案例，八专日与比劫配伤官，这盘很明显不利夫，所以我断此盘印证所学，特录此例，大家可以参考。乙卯日是八专日之一，乙木坐于卯木禄地，干支一气，木气专旺生在丙寅月，伤官这么强。女命伤官旺克夫。伤官克官要注意，伤官无制，官弱才是不利夫。不见官而伤官生财，财暗生官反而旺夫。之前婚不好的案例，有兴趣的可以参考：坤造：己巳?丙寅?乙卯?乙酉（空子丑）胎元：丁巳??命宫：庚午大运：丁卯4?戊辰?己巳?庚午?辛未?壬申?癸酉乙卯日元生丙寅月，比劫当令月上透伤官，天干伤官生财，但比劫克财。地支寅巳穿，巳中官坏，卯酉冲，杀坏。木火一气制官杀，官杀很难立住。乙卯日八专日，夫宫卯官之胎地，不利夫。断家境温饱，婚不好，二本，技术工作。读书时行戊辰运，喜财财透，可以读大学，但原局财不重，学习不会多好，断二本，反馈是大专。有易友断是发财命，我断是技术工作，温饱。命中喜财，年上己巳，寅巳穿，财被比劫劫财，天干比肩还克财，原局财坏，大运行南方火地，只能泄透，技术工，而不可能发大财。命中官杀被制一路南方运，食伤旺地，加重了官杀的失衡，必然婚姻出问题。实际上38岁还没有婚姻。尽管命主认为自己个性好，但伤官这么旺，肯定很自我，性格强势。子平术学习需要找到志同道合的易友，一起实战研究。大 龙研究三十余载，欢迎交流学习。
4,2,8,12,3,1,7,3,1,乾丁丑辛亥丙子庚寅,5,易缘自称真盲派命理，又说是业余算命。一易友在群里讲想进体制，真盲派命理师讲9块9给算为什么吃皇粮。真盲派命理看下面：这个八字我看过是吧？我有印象，亥子丑，我记得很清楚啊。这八字亥子丑会成了官局，是财来生的官，官在我家里。这八字是发财的，本来这八字是合财的，你看到没有？丙辛合，虽然我家里没有财，但是我庚金在家里面，我是合财的，你就是求财的。但是这个八字为什么吃不了皇粮呢？因为天干透出了丁火，知道吧？丁火是比劫克财，比劫做功吃不了皇粮。比劫克财吃皇粮大把，盲派自古没有做功一说。我用语音讲了：鑫鑫易友讲得真好，丁火是贵点。官重用印化，财来坏印而比劫克财。为了9块9，不吃皇粮就是发财？真盲派命理不高兴了，讲他动了群里大师的蛋糕，一个9块9都用套路的真盲派命理，在我眼里只值9毛9。好多直接发红包的求测，我都不点，一个红包算不了。我直接断命主没有钱，家里也没钱。命主大专，目前专升本，好像明年本科毕业，现在打工，自己没钱，家里一般，可能有百万。乾造：丁丑?辛亥?丙子?庚寅（空申酉）胎元：壬寅??命宫：甲辰大运：庚戌9?己酉?戊申?丁未?丙午?甲辰?癸卯丙子日元生辛亥月，七杀当令月上透财，地支亥子丑会官局，寅亥合时上寅印化，杀印相生。天干丙辛合财，时上庚寅透财，财从丑中出，地支有气，庚来克寅贪财坏印。正偏财混杂命局无情，印有损当然无贵。吃不了皇粮能否发财？丙辛合财，合住财可以发财。年上丁火比劫虚透，丁在丑上算入墓，被丑泄，亥子丑会官，丑当水看，丁火自身难保，助不了身。从这个角度看，此人母亲必然打胎。一路往西方财地，财越重体越弱，本本分分，还能吃口饭。真盲派命理没有断一句现实能反馈的事，而我铁口直断，命主无财，家里没财。看命宫胎元，命主倒是没吃过苦。小心算命套路，先是9块9，再私聊99，最后再化灾补财库几百几千。子平术学习需要找到志同道合的易友，一起实战研究。大龙研究三十余载，欢迎交流学习。
9,9,10,2,8,2,8,4,1,乾壬申癸丑辛丑辛卯,5,玄易奇真易学专家证是他微信头像，最好的广告朴实无华，一眼能看到，专家证，英汉双语，B格满满。大龙既羡慕又妒忌，同时有一点自责，为什么我不能出点钱买一个证？我不断反思总结，后面想通我脸皮薄，若买一个证不好意思用作微信头像。我研究命理几十年，若谈价值无非是十几万字，上万例的案例总结，断错为什么错，不断总结寻找通用规律。了解我的朋友知道，我可以无私交流八字命理，所以遇到经典案例，我会分析命理，让易友们一起学习，供大家参考，求同存异。之前婚不好的案例，有兴趣的可以参考：乾造：壬申?癸丑?辛丑?辛卯（空寅卯）胎元：甲辰??命宫：癸丑大运：甲寅6?乙卯?丙辰?丁巳?戊午?己未?庚申辛丑日元生癸丑月，印星当令月上透食，地支丑伏吟到日印重生比劫申金，时上卯被辛盖头克。天干比劫生食伤，食伤泄透生财，丑月水有余气，妻宫印克食伤，财不丰。卯申暗合，申是卯的正夫，卯在时婚晚。玄易奇真大师断了几点：与妻，财不利。有学历，易技艺。会说，但易从语言上得罪人，有傲气。故执，有争妻之象。有宗教信仰，有异性缘。长象挺好。但无火不为太好。我断两点与大师相反，不巧全对。总之他的断语，我基本不认同。食伤泄秀生财，而食伤虚透无根，命中财被克坏，虽行财运，家资不丰。行财运制不住印学历低。乙卯运财旺，卯申合，是比劫的妻，丙辰运，卯辰穿，财被穿坏，必然无婚。婚从命相上看，要到丁巳运，而且是娶二婚女。此造财被财严重，异性缘重，估计要做梦时，毕竟梦里什么都有。大师感叹天道不公，之前带的徒弟，能断准八字，他们都说重新跟人学命理，不再认他，没有天理，他将徒弟清理门户。后面他总结新的绝技，他们没学到，是天意。有没有一种可能，他们没学到新绝技才是真天意？想收徒要一张易学专家证。子平术学习需要找到志同道合的易友，一起实战研究。大 龙研究三十余载，欢迎交流学习。
4,2,9,1,5,9,1,3,2,坤丁丑壬子戊申甲寅,5,这是易友龙老师发在朋友圈的案例，龙老师是高手，身材身高都断对。我当时看到此盘，认为会被老公家暴，龙老师讲他与我看法一样，我们都没断对，此盘发出来，供大家参考，算我自己的反思总结：命主大专，层次温饱，19结婚，21生儿，25生女，身材很好，162身高。偏枯的女命案例可以参考：霸变女优坤造：丁丑?壬子?戊申?甲寅（空辰巳）胎元：癸卯??命宫：壬寅大运：癸丑3?甲寅?乙卯?丙辰?丁巳?戊午?己未戊申日元生壬子月，财星当令月上透财，天干财生杀旺，年上透印丁壬合，印被财坏。地支寅申冲食制杀，而申子半会，财化食生杀，相对而言杀来克身。甲寅运正当读书时，七杀克身为忌，好在甲木生丁火，可以化一点煞，学历大专。财杀相悖，无情克身温饱。辛丑年寅丑暗合断结婚，实际生子。我们两人都断错，认为被老公家暴，实际是老公被她家暴。现在行乙卯运，官来克身，命中财官重，再见官不吉。后面我再细推此盘，时上甲寅，戊在寅中长生，寅中有丙化寅生戊，年上丁丑合克月上壬子，比劫制财代表命主强势。而杀禄代表老公，有丙化寅生戊，老公让着她，反而老公被命主打。子平术学习需要找到志同道合的易友，一起实战研究。大龙研究三十余载，欢迎交流学习。
3,1,6,12,5,5,7,9,2,坤丙子己亥戊辰庚申,6,日月之灵是相识多年的老易友，此坤造是他发出来，试断了这个八字，这个八字财旺印弱，学历高，有些特点，做个记录。自己建了盲派八字实战群，各位老师轮流出题，答案只有出题老师知道，打真擂，上榜老师分享，收获良多。现在其它群基本不会断八字，除非是特别八字。坤：丙子?己亥?戊辰?庚申（空戌亥）胎元：庚寅??命宫：庚申大运：戊戌7 ?丁酉?丙申?乙未?甲午?癸巳戊辰日元生己亥月，财星当令。月上比却合财，自座比却，财库。比却合财要看体旺，能合住财，就有财。年上丙子，印星虚透，时上庚申，食神泄秀，合财是合不住。支申子辰三合财局，亥月财当令，财气冲天，可顺不可逆，反以食神顺生为用。问学历婚姻，断研究生，未婚，癸卯有动婚象，还断了上有一哥。学历看印。申子辰三合财局，命局财坏印，印星坏尽，只要大运制印星就有学历。大运一路西方运，食伤泄秀生财，财来坏印，不过大运天干印透，博士到不了，只能是研究生。一路食伤旺，不可能有婚。月上比却，很明显，上面有兄姐，断一哥，实际是姐。后面与日月之灵易友私聊，将家境，性格都断对。学过大龙盲派象法，直读就可以，不再解释。看到此处易友，帮点个赞，谢谢。子平术学习需要找到志同道合的易友，一起实战研究。大龙研究三十余载，欢迎交流学习。
4,4,3,7,10,6,9,1,2,坤丁卯丙午癸巳壬子,6,各位易友见过各种假大师，有敢实战？无论假大师的群，还是别人的群，反馈完假大师会出来马后炮，装一装。大龙各大群实断，所断截图反馈截图。坤造：丁卯??丙午?癸巳?壬子（空午未）胎元：丁酉??命宫：辛亥大运：丁未9?戊申?己酉?庚戌癸巳日元生丙午月，财星当令月上透财，年上丁卯，食生财。天干正偏财混杂，财星得令得势。时上壬子，日禄归时，财强身弱，影响层次。问：官贵？老板？打工？断打工，反馈是。这不仅是选择题，我们要知道为什么。官贵：至少有学历，初运丁未，子未穿，禄受制，喜印不见印，没学历，实际初中。老板：用食神生财，子卯刑，禄与食全坏，不是做生意的料。打工：虽行西方运扶身，但原局财太强，印无立身之地，行印运只是顺利，不可能有发迹。子平术学习需要找到志同道合的易友，一起实战研究。大龙研究三十余载，欢迎交流学习。
2,10,3,11,1,11,3,3,1,乾乙酉丙戌甲戌丙寅,6,这是一个读者发的盘，想看看怎样。命理推断，不断过去，不断流年，怎样推断未来？大龙的朋友圈，公众号，视频号，全是我断截图，反馈截图。命理圈一直知道大龙断流年，层次，细节顶顶的。乾造：乙酉?丙戌?甲戌?丙寅（空申酉）胎元：戊子??命宫：辛巳大运：乙酉4?甲申?癸未?壬午甲戌日元生丙戌月，财当令月上透食，戌财从月伏到日，时上丙寅，双食泄身太过，好在时见寅，日禄归时有根气。年上乙酉，酉官克禄，日禄归时不喜官，双戌穿酉，官受制，禄可用。断家境一般，学习一般，辛丑年出灾撞邪，反馈是。双食盗气生财，喜印不见印，印生身这本，家境一般。读书行本方运克禄，本无学历，好在大运透比劫助身，读一本。双戌穿酉制官，乙酉运辛丑流年，丑刑戌辛克乙，丑加强了酉的力量，禄被克出灾，丑中辛为邪气，反馈家人问仙是。子平术学习需要找到志同道合的易友，一起实战研究。大龙研究三十余载，欢迎交流学习。
7,9,7,5,4,6,9,1,1,乾庚申庚辰丁巳壬子,6,至善老师提供的一手案例，老师自己开馆执业，研究命理很认真，上次群里有个假反馈，立亥踢了，治群严谨。不过他时间很紧，用了一个群管，是个SB，名字我忘记了。乾造：庚申?庚辰?丁巳?壬子（空子丑）胎元：辛未??命宫：己丑大运：辛巳8 ?壬午?癸未?甲申?乙酉丁巳日元生庚辰月，伤官当令月上透财，年上庚申时上壬子，财生官重，体弱无疑。好在自座劫财助身，生伤合申财，命局不见明印生身，层次不高，会在财上吃亏。自座比劫，为人固执，谁都不服。丁巳日本身克妻而命局财重，夫妻关系不会好，离婚之象。初运南方，虽不见印，但比劫助身制财，高中学历。80年的高中，按现在2本有。财要制，行南方运，制财父是事业单位，当时的家境，这种人家算好的。癸未运杀透，虽是虚透，但命中杀有强根，三会杀。流年引动，会破财。壬辰年，丁壬合官受克，投资破财。丙申丁酉年，比劫克财又投资，大运不扶身，无印只能是乱投资，又破财。命局财重生官，喜印不见印，用比劫克财，只能老老实实打工，才能守住财，否则注定失败，这才是算命的意义，趋吉避凶。子平术学习需要找到志同道合的易友，一起实战研究。大龙研究三十余载，欢迎交流学习。
6,6,4,2,7,5,2,10,2,坤己巳丁丑庚辰乙酉,6,学习命理的大忌：失去独立自主思考能力，一切以反馈为导向。甚至不能容忍别人提出不同的看法。不同年代，甚至因为算命者的水平，命主本人的顾虑，得到的反馈是失真。我没有用假反馈，用失真。80年代前，时辰有可能失真，算命者能算到什么程度，反馈到什么程度。比如你算命主几百万，实际几千万，而一般会反馈是几百万，因为你的水平不够。甚至有桃花，你算不到，别人不会反馈。今天有一我自己实战的案例，我断家境小康，反馈是温饱。后面我让找命主确认，反馈完全不一样，主要反馈如下。开始：父母是农民，大专，自己也不是体制内做销售的面相很贵气然后14年结的婚，19年离的婚。我再仔细分析命局，认为是小康，让再确认一下家境，后面反馈：爷爷是当地的一个生产队的大队长，小时候家里特有钱，大概是90年代，家有200多亩地。爸妈就是农民养猪，尤其是他那个村里是最有钱，三四千头猪。现在院子有10亩，田地有70亩，几百万值，小康有。之前过三关的案例，有兴趣可以参考：坤造：己巳?丁丑?庚辰?乙酉（空申酉）胎元：戊寅?命宫：庚午大运：戊寅8?己卯?庚辰?辛巳?壬午?癸未庚辰日元生丁丑月，印星当令月上透官，地支火土金顺生，时上乙酉，羊刃助身，日元强旺。乙庚合自己合财，财生官，自己求的是财官。官在月上虚透，年上见根，财官不强，克夫之命。问家境，那年结婚？合财喜官，年上官杀见根，一路东方运，祖业兴隆。爷爷是队长，按反馈，在90年代，绝对很牛。戊寅运读书，命中印重不宜再见印，寅虽是财，但印透是大专。命中乙庚合财，大运己卯财见根，动婚。月上丁丑，官虚透，流年甲午，官见禄结婚。庚辰运，比劫合财离婚。二婚要在辛巳运，官旺的大运。具有独立自主思考能力，是我们学习命理的基本素养，请别丢失它，有问题欢迎下面留言。子平术学习需要找到志同道合的易友，一起实战研究。大龙研究三十余载，欢迎交流学习。
2,8,9,7,8,2,6,12,1,乾乙未壬午辛丑己亥,6,这是天赐俸禄老师带来的案例，一位盲师，眼睛是后天瞎，反馈详细，下面主要反馈：在一九五五年农历夏天，四月十九日，这天非常热，人们都在乘凉时，晚上二十一点至二十三点期间，一个男孩来到了这个世界上，家里父亲，母亲，哥哥，姐姐，都很高兴。这个孩子出生在农村，父亲，母亲都是农民，家庭条件平常。父亲一九九六年因病去世了，母亲二零零二年去世了。这个小男孩到了八岁的年龄了，突然，老天爷给这个孩子降了灾星，开始得病了，病总算治好了，但给他从此落下了终身的痛苦，左边的一个眼睛失明了，当时的医疗条件也不好，怎么治也没有治好，小小的年龄，是一个小帅哥，就剩下一只眼睛了，在非常的痛苦之中，开始上学了，当上到小学三年级的时候，也就是本命十一岁那年，老天爷又给他降灾星了，又得病了，剩下的一只眼睛又失明了，从那时起，此命就双目失明了。本命学历只是小学三年级。此命双目失明后，怎么办呢？父亲给他先后请了三个老师，教他学算卦，一学就是十几年。到本命二十六岁才开始出徒，给别人算卦，二十六岁前，因当时社会关系，不能公开给别人算卦，二十六岁后，到了一九八零年，慢慢的才给别人算卦，当时的卦礼钱是，一卦零点二元，也就是两毛钱。现在算一卦命，是二百元。本命二十六年开始，一直到现在算卦。本命财运:一生就是平常财运，生活条件还是很好的，本身是残疾人，国家给钱，自己还不少挣钱，处于小康生活水平。婚姻:本命自从父母双亲去世后，和哥嫂一起生活，吃饭，住屋都是哥嫂着顾，他所挣的钱，大部分都给哥嫂的孩子们上学等花了，自己也留了一小部分。一直到了二零一七年，本命六十三岁，农历四月十八日，才正式结婚，妻子比本命小几岁，二人夫妻感情非常好。本命无儿无女，妻子有自己的亲生儿女，都生孙子了，本命现在身体很好，无任何毛病。乾造：乙未?壬午?辛丑?己亥（空辰巳）胎元：癸酉?命宫：戊子大运：辛巳2?庚辰?己卯?戊寅?丁丑?丙子?乙亥辛丑日元生壬午月，七杀当令月上透伤官，时上己亥，印从午中透，杀印相生，可惜年上乙未，财来坏印。财有伤官生，座未通根，不弱。土支午丑穿，杀穿坏比劫库，丑未冲加重午丑穿。中年行运不悖，命局可以。问壬寅，乙巳，结婚流年，没答对。子平术学习需要找到志同道合的易友，一起实战研究。大龙研究三十余载，欢迎交流学习。
6,8,1,11,10,10,10,12,2,坤己未甲戌癸酉癸亥,6,乱伦是严重违背人类社会普遍伦理道德、公序良俗的行为，此案例与我三观严重不符。从命理学的角度，这种八字组合结构，又能扩展我们命理学的认识。学命理的人与普通人的认识有此区别，以此例来讲，当然要指责唾弃，但从命理学的角度来讲，是命生得不好，人随命走。现实中确实如此，命主中专察颜观色，漂亮与异性领导关系好。丁丑结婚，二胎怀孕时出轨被抓到打架流产，后面出轨多次，12年出轨亲叔并怀孕，13年与亲弟乱伦并离婚，15年二婚后，迁家到外地生活，将过去埋藏，重新开始。多婚案例，有兴趣的可以参考：坤造：己未?甲戌?癸酉?癸亥（空戌亥）胎元：乙丑??命宫：辛未大运：乙亥3?丙子?丁丑?戊寅?己卯?庚辰?辛巳癸亥日元生甲戌月，官星当令月上透伤官，天干比劫生伤官合制杀，地支官杀有根，座印自己时上见根。戌官是老公，酉戌穿与自己的印穿，夫宫官星死地，婚姻不会好。伤官甲木克戌官，甲在亥中长生，伤官有气，官杀重要制官，格局没有坏。早年北方运生伤官，可以制官中专毕业，79年生人中专学历很好。丙子运透财，伤官生财财生杀，破局无皇粮作销售。尽管反馈与异性领导关系好，按盘看必然有私情。丁丑运丑酉半会，杀是其它男从，出轨成性，多少人没人知道。壬辰与亲叔叔，癸巳与亲弟弟，盘中有没有象？还是有轨可寻。年上己未，未中丁是父亲，己从未中透丁己同象，己是丁的弟弟，是命主叔叔。命局伤官制官，亥起到关键作用，亥是弟弟。这里要注意，此盘亥是弟弟，若是四同盘亥起到作用，可以给姐姐提供助力，不代表乱搞。子平术学习需要找到志同道合的易友，一起实战研究。大龙研究三十余载，欢迎交流学习。
5,5,10,12,4,2,6,10,1,乾戊辰癸亥丁丑己酉,6,这是一位粉丝加我，问七杀是否有制。制是没制住，好在有食伤，否则夭命。因为财泄了食伤生杀破格，命主幼年两次见生死。丙寅运总体压力大，从21年开始，慢慢变好，财一般。二婚与前妻复婚，不过老婆性格阴晴不定。乾造：戊辰 癸亥 丁丑 己酉（空申酉）胎元：甲寅 ?命宫：辛酉大运：甲子7 乙丑 丙寅 丁卯 戊辰 己巳 庚午 辛未 壬申丁丑日元生癸亥月，官星当令月上透七杀，天干食伤制杀。地支食伤制官本为喜，辰酉事，丑酉合，时上酉金财来生杀破局。喜印印在亥中不透，湿木不生火，印星无用。粉丝问能否制住杀？虽制不住杀，好在食伤重，不至于七杀无制，不然夭命，这命婚姻不好。幼年两次差一点死，有次已经断气，被救回。甲子运读书，杀见根尽管透甲印，但原命亥中甲是湿木，不能生火，初中毕业。中年行东方印运，制不住财，层次不高。丙寅运比劫助身，甲午流年印生羊刃体旺结婚，己亥流年，寅亥合官生印，进了中石油。丁卯大运印生身比劫助力，甲辰年透印生身，升职。子平术学习需要找到志同道合的易友，一起实战研究。大龙研究三十余载，欢迎交流学习。
2,12,5,1,6,12,3,3,2,坤乙亥戊子己亥丙寅,7,一次爱上五六七八个，爆出与十多位男星的私事，司晓迪目前网络最红的女网红。频繁与明星互动、晒聊天记录、发布视频证据，众男星惊慌失措。在感情上突破传统道德观，无论事情真相如何，必然被广大网友唾弃。坤：乙亥?戊子?己亥?丙寅（空辰巳）胎元：己卯??命宫：戊寅大运：己丑2?庚寅?辛卯?壬辰己亥日元生戊子月，财星当令，财在年月日，合生时上官。月上比劫合财，而年上杀克身，财生杀旺，炒在时上丙印透现化杀生身。支双亥合寅，寅中丙坏，财坏印，无贵。初运己丑，庚寅，制财生印，印旺有学历，本科可以读，家境在当地小康有的。辛卯运，乙木见根，杀见根攻身，虚名虚利。财重欲望大，亥卯会，财官代表男人，丙辛合，用食神解放思想，从此一发不可收，快乐开心最重要。命中印有损，言行举止，突破传统，乙巳流年，杀生印旺，印见根印代表流量，目前网上最红，印有损，这属于黑红。壬辰运，财透坏印，辰是比劫助身，收尽众水财，这步运财很丰，而名变小，重在利。明年丙午，印座强根，这次网上事件，问题不大。子平术学习需要找到志同道合的易友，一起实战研究。大龙研究三十余载，欢迎交流学习。
3,3,4,10,5,7,5,7,1,乾丙寅丁酉戊午戊午,7,阳刃指五阳干帝旺之处，四正子午卯酉为阳刃，五行纯而气盛，盛处藏衰，冲官劫财凶，阳刃多现越凶。阳刃叠叠五马分尸。这是一手案例，命主是一派出所所长，因公被枪击伤残。乾造：丙寅?丁酉?戊午?戊午（空子丑女）胎元：戊子??命宫：庚寅大运：戊戌10?己亥?庚子?辛丑戊午日元生丁酉月，伤官当令月上透印，戊午日伏吟到时，天干正偏印生身，失令不弱。印是官生，公务员小领导。阳刃叠叠，有伤残。我看到这个案例是，已经有反馈伤残，我断了庚子年枪击，反馈是。阳刃受制容易出问题，己亥运，比劫能克财，问题不大。庚子运，食生财，子冲午，水火相激，容易出问题。流年庚子，与大运伏吟，冲双午，血光之灾。好在年上见寅化了子水，只伤没有亡。子平术学习需要找到志同道合的易友，一起实战研究。大龙研究三十余载，欢迎交流学习。
5,1,1,3,6,4,8,8,2,坤戊子甲寅己卯辛未,7,这是山隐老师提供的一手案例，后面我们讨论交流了对这个盘的看法，大家取长补短，共同学习共同进步，这就是大龙盲派八字实战群的初衷。坤造：戊子??甲寅??己卯?辛未（空申酉）胎元：乙巳??命宫：庚申大运：癸丑7 ?壬子?辛亥?庚戌?己酉己卯日元生甲寅月，官星当令月上透官，甲己合，自己合官。体偏弱，寅中有甲戊丙，甲戊透，不见印，吃不了皇粮。戊子合财，子未穿财，用手脚吃饭，是牙医。问己卯年何事？答：夫亡。命中官杀当令，强旺。辛未时，未是己的根，按书房派，卯在夫宫是正夫，命局没有受制，夫星没有问题。但大龙盲派秘传夫法不这样，以未中乙为夫，戊子会，子未穿，夫弱。辛未时，食神克未中乙，大运己酉，食见根克夫。流年己卯，与大运地冲，正是夫亡应期，卯从未中出，食制杀，夫亡。子平术学习需要找到志同道合的易友，一起实战研究。大龙研究三十余载，欢迎交流学习。
4,4,10,4,9,9,10,4,1,乾丁卯癸卯壬申癸卯,7,乾：丁卯?癸卯?壬申?癸卯（空戌亥）胎元：甲午?命官：戊申大运：壬寅7?辛丑?庚子?己亥问一家三口职业？壬申日生癸卯月，伤官当令，三卯泄身太过，伤官无制很易走歪道，所以看到这种八字，要特别注意。天干两个干头刃助身，喜的是座下配印，卯申合，伤官有制。可以看到命主情商高，能力强，喜印座印，一路北方运程扶身，必是贵。天干比却助身，事业单位，财是火，电力单位。再看父。年上丁卯，伤官生的财，在年为大，必是吃国家俸禄，忌其旺，财不旺，父也是贵命。再看母。座下申为母，喜印而印在座下，卯申合，伤官生的财，来合申，是不是申也是吃回家俸禄？申的位置在日支，占的位置不好，权力无父大。子平术学习需要找到志同道合的易友，一起实战研究。大龙研究三十余载，欢迎交流学习。
1,3,4,4,7,9,3,11,1,乾甲寅丁卯庚申丙戌,7,此造是陈小羽老师的亲叔叔，感谢陈老师提供一手八字供2023/2/15日的大龙盲派八字实战打擂。反馈详尽，节选部分，上面图片有全部反馈，摘录部分大师精彩分享，实战胜过广告，实战是最快的提高八字命理途径。小康(36岁前温饱，进入辛未运后财运越来越好，在当县名气越来越大，做的事情也多，看丧葬风水，写春联对子，卖烟花炮竹)命主是当地风水先生，看阴宅风水，从小练习书法，现在是中国书法协会成员，在镇上有店铺，卖烟火炮竹，因为毛笔字写的好，所以也写对联卖。早年财运一般，30多岁开始财运稳步上升，在当地有名气，业务也做的越来越广，镇上有一栋楼，2台车，资产有300万左右，丙子婚，庚子年入股朋友公司赔了10多万高中，父乙未年亡。乾：甲寅?丁卯?庚申?丙戌（空子丑）胎元：戊午??命宫：戊辰大运：戊辰6?己巳?庚午?辛未?壬申?癸酉?甲戌庚申日元生丁卯月，财星当令，月上财透官，时上透杀。喜座下见禄，时上印化杀，食神伏禄，喜其藏而不露，聪慧过人。财当今父先亡母在，高中学历，辛未运发家，此三点是这八字最大看点，下面我分享个人观点，供易友们参考交流。74年生人，高中学历，按现在来看，与本科等同，算是高学历。很多老师认为喜印财来坏印，低学历，我断高中，这是为什么？年上甲寅，与日柱天克地冲，不要问，出身比较穷。寅申冲出寅中丙透在时上，戌土化之，此谓财印有情，必有学历。观其初运戊辰，印星生身，学业有成，16岁己巳运，与原局三刑，禄被刑坏，学业不继。流年庚午，比却克财，估计是庚午年高中毕业工作。财当今父先亡母在，很多人理解不了，一般命书讲的财旺克印母先亡。辛未运，阳刃座在财库上，克财之像，以大龙盲派秘传象法，财星入墓。乙未流年，与大运天克地同，父亡。好多老师认为命书上讲的旺不入墓，从古到今，无人不死，无论旺衰，所以入墓与旺衰无关，只是旺衰具体入墓的时间空间不一。辛未运发家。阳刃座在财库上，进财之像，未中的乙坏，未土为印很纯粹，生身兴业。我们答一个人发财发贵，一定要看到从什么时候开始发福，辛未运庚寅年，答兴业，实际是二胎。虽答错流年，能说明我是看辛未运发家。这是马前炮，现在好多命理，都是马后炮，生搬硬套，害人不浅。所以我的文章，都是先断截图再讲命理。大龙盲派命理，不少易友想学习，从基础的命理开始到推算出具体事情，必须从头开始，半年左右才能讲完，因我的时间按排，目前没有开班。所以上面的分析，是以大龙盲派命理为内在的筋骨，可能有的地方限于篇幅无法一一展开，希望各位易友理解。子平术学习需要找到志同道合的易友，一起实战研究。大龙研究三十余载，欢迎交流学习。
3,5,9,5,3,5,4,10,2,坤丙辰壬辰丙辰丁酉,7,中彩票的盘，不多见，特别是一手案例。当时我断出中彩票，实事求是的讲，有些运气，命局一时运气的爆发，我不认为命盘能直接断出，当然这不是猜出来，与我当时的状态与天地感应完美契合。坤造：丙辰?壬辰?丙辰?丁酉（空子丑）胎元：癸未??命宫：壬辰大运：辛卯11 ?庚寅?己丑?戊子?丁亥丙辰日元生壬辰月，食神当令月上透七杀，年上丙辰，三辰泄身太过，辰酉合，辰中乙木坏。天干丁壬合，杀制阳刃。命局最终的力量到酉财，只能弃命从财。问丁酉年何事？断中彩票。丁酉年戊子运，杀见根比劫死绝。流年丁酉，是命局的丁酉伏到流年，丁壬合阳刃被制，阳刃劫财凶残，挣偏财断中彩票。子平术学习需要找到志同道合的易友，一起实战研究。大龙研究三十余载，欢迎交流学习。
9,9,6,10,5,1,10,2,1,乾壬申己酉戊子癸丑,7,群里实战过三关，35岁断未婚，这绝对无可能猜，因为35岁不结婚的概率极低。另外我个人建议，到处在群里发盘，想断明白的，可能性不大，到现实中找个靠谱的比较好，群里观点各有不同，绝大多数练手。乾造：壬申?己酉?戊子?癸丑（空午未）胎元：庚子? ?命宫：丁未大运：庚戌11?辛亥?壬子?癸丑戊子日元生己酉月，伤官当令月上透比劫，年上壬申，食生财。年月食伤泄身太过，好在时上丑合子，戊癸合制财。命不见官，伤官伤尽，格局清奇。断家境可以，财要制，初运行庚戌，比劫助身制财。辛亥运伤官透泄身生财，家运动荡，丙申流年，申金生财，丙辛合，印受制，这年家里财不利，石场关闭。断职业：吃皇粮。庚戌运，体旺必然有学历，戌是印库。伤官伤尽，有贵气。辛亥壬子运，行财运，命局体弱财重，大运行财，流年要配合好才能有婚，当时我一掐前面几个主要流年，差一口气，断其未婚。子平术学习需要找到志同道合的易友，一起实战研究。大龙研究三十余载，欢迎交流学习。
4,4,3,7,2,4,1,9,1,乾丁卯丙午乙卯甲申,7,岁运并临在命书上介绍应凶的多，实际上这么多人，总有人在岁运并临应凶，破财，父母，妻，子女亡，有些是命主自己亡。但这不是岁运并临凶，只是书上讲，用者不明所以，解释不清出凶命理，用一句岁运并临，万事大吉，听者从书中的知识也是应凶。但是岁运并临与命局组合好，一样发富发贵，希望对岁运并临有个清醒认识。乾造：丁卯?丙午?乙卯?甲申（空子丑）胎元：丁酉??命宫：壬寅大运：乙巳11 甲辰 癸卯乙卯日元生丙午月，食神当令月上透伤官，年上丁卯禄生食，食伤生财，午中有己。午月的木，火炎木枯，虽见双禄，但不喜官。月上伤官透制官，体不弱，官有制，格局不乱，不见印，层次降低。问职业，癸卯？答：老师，癸卯伤病。甲木比劫生的伤官，去制官，事业编是老师。癸卯运癸卯年，岁运并临，卯午破，午中己被克，财是养命之源，财尽亡。命局双禄，饱禄堂再见禄癸卯运癸卯年，是大凶。禄虽好，实际命中禄不宜多，多了贫。子平术学习需要找到志同道合的易友，一起实战研究。大龙研究三十余载，欢迎交流学习。
6,4,8,8,3,3,2,8,1,乾己卯辛未丙寅乙未,7,学历有用印，有用食伤看。命局是八个字的组合，根据八字的组合，结合大运断学历，我个人认为是正道。乾造：己卯?辛未?丙寅?乙未（空戌亥）胎元：壬戌??命宫：乙卯大运：庚午2 ?己巳?戊辰?丁卯丙寅日元生辛未月，伤官当令月上透财，未从月上伏吟到时，年上透己，伤官泄身太过。伤官生财，月上透辛财，财来坏印。好在丙辛合自己合财，座印时上透印，克年上伤官己土。问学历？答：研究生，反馈是。伤官配印，忌财重。一路南方运，克财。地支印全见根，聪慧学习好，所以断研究生。子平术学习需要找到志同道合的易友，一起实战研究。大龙研究三十余载，欢迎交流学习。
1,9,3,1,8,6,10,6,1,乾甲申丙子辛巳癸巳,7,这是在玄明易馆发的盘，此人水平不高，自己建个小群，不知天高地厚，断错了硬扯自己对。一个财坏印很明显的盘，断公职，水平太次。要挑战我，我同意后，将我踢了，真一个F物。乾造：甲申?丙子?辛巳?癸巳（空申酉）胎元：丁卯??命宫：乙亥大运：丁丑4?戊寅?己卯?庚辰辛巳日元生丙子月，食神当令月上透官，虽食泄身，好在年上申金见根。天干丙辛合官，时上癸巳合，地支巳申合，意在官。问职业？答：吃皇粮。反馈公务员。问职业，先看学历，丁丑运，丑是比劫库，又是印，辛见根，学业肯定好。戊寅运考大学，戊在寅长生，巳中见禄，天干财生官，官生印，印生身，顺生到身，重本。有学历，可以考公。流年乙巳，刚好毕业，问工作，巳申合，合官，大运戊在巳见禄化官生身，可以考公，断吃皇粮。子平术学习需要找到志同道合的易友，一起实战研究。大龙研究三十余载，欢迎交流学习。
7,9,2,10,5,9,3,5,1,乾庚申乙酉戊申丙辰,7,见多了书房派，算命讲出一大堆道理，真正算命时，什么断不出。这些人特别在反馈后，非常厉害，讲一堆理论。此命满盘食伤，无官星，为伤官伤尽。时柱丙坐辰，为忌神有制。按命书上说的，伤官伤尽反成官。食伤为用，以技艺求财。也有商人，当官的。理论这样讲也对，那样讲不错，真正算命在命局本身的制化，只有在命局本身下功夫，才能如大龙盲派，所断如所见。乾造：庚申?乙酉?戊申?丙辰（空寅卯）胎元：丙子??命宫：庚辰大运：丙戌2?丁亥?戊子?己丑?庚寅?辛卯戊申日元生乙酉月，伤官当令月上透官，年上庚申食神天地一气，坐下申金食神，食旺太旺，泄身太过。食伤重可以考虑顺着食伤走，还要看其它配置。时上丙辰，印来生身，月上官星乙木，被庚金合制，丙克庚，官没坏尽来生印，总体来分析，还是官印相生。问22年如何？断：升职。官印相生出贵，看下读书时行丁亥运丁虚透，亥中藏甲，湿木虽不生火，但命中有丙，印有生机，有学历。工作时行戊子运，比劫克财有贵气。庚寅运壬寅年，寅申冲，大运流年双冲申，能冲去申金，以吉论，冲不了论凶。庚寅运丙火长生，庚在寅上虚透，被丙火正克。壬寅年寅木到壬财生官，冲尽申金，必然利财官。子平术学习需要找到志同道合的易友，一起实战研究。大龙研究三十余载，欢迎交流学习。
8,4,7,3,2,8,8,6,1,乾辛卯庚寅乙未辛巳,7,断出肺癌十死无生，反馈是肺癌医生通知回家，儿女已经回来。我能断对是长期实战总结，整理笔记二十万字左右，几万案例，分析错卦例，找出原因，这是几十年时间的沉淀。见我断对，虽无过节，但是几个小人泼脏水，说这个八字早出过，我知道答案。社会如此，小小群里如此，自己不努力断不对，不在自己身上找原因，就泼脏水打击断对者，虽自身没有提高，但可以安慰自己。他们不知道的是，李群主介绍他弟弟来找我测算。乾造：辛卯?庚寅?乙未?辛巳（空辰巳）胎元：辛巳??命宫：丁酉大运：己丑7 ?戊子?丁亥?丙戌?乙酉?甲申?癸未乙未日元生庚寅月，比劫当令月上透官，地支寅卯未，根强体旺。时上辛巳，伤官泄秀生未财，伤官合辛杀，取用有两种方式，看命局是怎样走向。年上辛卯，卯未半合制财，财被克坏，而伤官生，财有气。天干三重官杀，支有财生，天干不透食伤，无法制尽官星。乙庚合官，还得用官。问丙午吉凶？断：肺癌有贵气，十死无生。反馈是肺癌，医生回绝，命主已经回家，子女已经回家。中年行西方运，官见根，虽无贵气，小有名气挣钱了。癸未大运丙午流年，印来生身泄官，未是座下的未，命中是坏的。印生身，身更旺，财坏尽，只剩官星可用。流年丙午，丙是巳透在天，寅中长生，伤官合杀制官，官被制尽。问吉凶，我直接断出事情，这是有很大把握。我常讲，骗得了别人骗不了自己。子平术学习需要找到志同道合的易友，一起实战研究。大龙研究三十余载，欢迎交流学习。
6,8,8,8,7,5,8,6,1,乾己未辛未庚辰辛巳,7,这是群里发的四选一，反馈过了一天后，出题时并无答案，真实案例。问层次？A?聋哑人，吃低保B?正科级干部C?开五金厂的亿万富翁D?初中语文老师答：B?反馈是B好的格局，容易出贵，可以参考下面案例：合官得官正处，五千万厅级伤官配印，几群无断对，到处讲假反馈文化馆科长官印相生，几群无断对乾造：己未?辛未?庚辰?辛巳（空申酉）胎元：壬戌??命宫：己巳大运：庚午2?己巳?戊辰?丁卯?丙寅庚辰日元生辛未月，印星当令月上透比劫，时上辛巳羊刃驾杀，辛伏吟到月，辛代表命主自己。年上己未印透生，未伏吟到月，是己土的根又是财库。辛合杀化印，未是财库在年月，代表命主能得到国家的财。自座辰湿土，虽在未月，辰可以去燥生庚，地润天和。羊刃驾杀，印重喜财官旺。初运南方火地，印重不忌官，必然有学历，读大学。虽无反馈学历，命中有学历，79年的大学生，出贵的可能性很大。中年行东方财运，丁卯丙寅运，财生官旺，当官的命，命局与大运不悖，官做得四平八稳。同样有人当官，配合不合，做官如履薄冰。子平术学习需要找到志同道合的易友，一起实战研究。大龙研究三十余载，欢迎交流学习。
8,6,1,7,10,12,2,4,2,坤辛巳甲午癸亥乙卯,7,感谢海老师带来的一手案例，反馈详细，01年的小孩，人生刚起步，主要看学历。命理中看学历，主要是印星，代表学习能力、记忆力与文凭，是判断学历的首要依据。也可看食伤星，代表聪明才智、创造力与考试发挥。食伤为喜用且旺，主聪慧好学；若为忌神或无制化，则可能贪玩、不守规矩影响学习。??之前有断学历的案例，大家可以参考：坤造：辛巳?甲午?癸亥?乙卯（空子丑）胎元：乙酉??命宫：丙申大运：乙未4 ?丙申?丁酉?戊戌?己亥癸亥日元生甲午月，财星当令月上透伤官，时上乙卯食伤生财，年月财星当权得生。癸亥自座比劫制财，印星透现制伤官生身，命局财稍旺体弱。问父母层次？学历？壬寅？答：小康，硕士，壬寅伤病。反馈：小康父母双公职学历211硕?22年考研失利但是幸运的被调剂本校??年上辛巳，印为母，巳为父。火旺喜金，行运一路往西方金地，家境必然发富，小康。至于父母公职，不可执一。这盘看父容易看，母就一辛虚透，母是公职，必然要参看母八字。学历看印，印虚透。伤官配印，好在天干不见财，印无损，大运一路扶印，断硕士。这盘食伤为忌受制，不影响学习。壬寅流年丙申运，天干比劫制财为喜，比劫生伤官，伤官冲印火忌，所以断凶。实际是考研没考上，调剂到本校。寅是有丙，伤官生财，估计有些运作。世间事没有绝对的公平，我们只能接受现实，不断提高自己，挣取在机会来临时，一飞冲天。子平术学习需要找到志同道合的易友，一起实战研究。大龙研究三十余载，欢迎交流学习。
2,2,2,10,4,6,7,11,1,乾乙丑乙酉丁巳庚戌,7,大龙盲派八字实战群，每天的擂题由群里易友轮流出，打擂当天晚上由出题老师直接反馈，答案只有出题老师自己知道。上榜的老师，剖析易理，分享经验。这题很多老师在层次学历上面答错，喜印比，一路身扶日元，没出富贵，反而是普通人，群里做了语音分析，与大家交流心得。此造是千川老师的朋友，感谢千川老师提供一手八字，下面是主要反馈：大龙盲派八字实战群，其它案例：乾造：乙丑?乙酉?丁巳?庚戌（空子丑）胎元：丙子?命宫：丙戌大运：甲申4?癸未?壬午?辛巳?庚辰?己卯?戊寅丁巳日元生乙酉月，财星当令月上透印，比劫见根，不见官透双印来生身，这样一看，的确有富贵之象。细看年上乙丑，丑酉半会生财，丑刑戌坏比劫库，地支食伤生财双巳酉丑会财，财当令而强。座下的巳火被合化，乙木透在酉丑，死绝之地自生难保，有生身之意无生身之力，乙庚合贪财坏印，格局平庸。早年行甲申，癸未运，泄身学历不高，答初中。中年虽行南方火地扶身，本应发富。但是，命局中印体在原局有损，虽运好，只能顺达而暴发之质。乙庚合用印合财，用头脑取财，答技术工。婚姻没答对。癸未运丁亥年，未中乙印见根要动婚，丙戌年比劫助身，可能是订婚，丁亥年结婚，合理。戊子年伤宫合杀怀孕之象，己丑生子。壬午运丁酉年，自己座在财禄上，答二胎发财。辛巳运己亥年亥冲巳，巳是日主的体，冲了应凶断破财，实际是离婚。大龙盲派八字实战群，玩的就是公平公正公开，易学圈子不大，相信很多易友听说过，期待能在易学道路相向前行。共同学习，不断提高命理水平。子平术学习需要找到志同道合的易友，一起实战研究。大龙研究三十余载，欢迎交流学习。
6,6,5,5,3,5,6,2,1,乾己巳戊辰丙辰己丑,7,"伤官伤尽最为奇,富贵荣华入朝堂，很多易友听讲这句话，但实际运用中，不一定准确。所以在运用中还要注意细节。伤官伤尽指伤官当令，天干伤官透出，其他干支没有一个官星，或地支藏正官但被制，称为伤尽。如有正官透干叫伤之不尽，八字混杂不清另当别论。今天看一看丁老师提供的案例，伤官伤尽，无官星明透，不多见。正科羊刃驾杀市委书记省高院院长，食神制杀39岁壬寅升正厅，四年后命主父亲反馈合官得官正处，五千万厅级伤官配印，几群无断对，到处讲假反馈文化馆科长官印相生，几群无断对乾造：己巳?戊辰?丙辰?己丑（空子丑）胎元：己未?命宫：丙子大运：丁卯8?丙寅?乙丑?甲子?癸亥?壬戌?辛酉?庚申丙辰日元生戊辰月，食神当令月上透食神，年时透伤官，地支火土相生，食伤当令得势。日空子丑，辰是官杀库，上面透戊，克尽官星。典型的伤官伤尽，不见财官，年上见禄，日元有气。问什么职业？答：老师。实际是公务员正科。初运丁卯丙寅，正是求学。年上禄元有根，行印运生禄，读大学没问题。89年如果没文化，吃皇粮基本不可能。食伤从禄中透，所以我断是考虑是事业编。食伤成势，用食伤代表用思想，用嘴吃饭，所以断老师。以反馈看，座辰土官杀库，更多体现的是制官杀库，当官。伤官伤尽最为奇，这个命盘，是制尽官星入朝堂。子平术学习需要找到志同道合的易友，一起实战研究。大龙研究三十余载，欢迎交流学习。"
4,6,7,11,4,8,10,4,2,坤丁巳庚戌丁未癸卯,7,这是出题老师熟悉的人一手盘，一个问题接一个问题，我发了主要的事情。这就是盲派的过三关，没有点实力，玩不转。比起古镇一嘴骗子用托小号，让人假反馈，大龙可以秒杀古镇一嘴骗子。命主主要信息：家境一般，大学毕业后先在县里电视台当编辑记者，后面是中层。大约在2021年分流到乡镇。2000年结婚，当年离婚，02年左右再婚到现在，一个男孩，去年或者今年大学毕业，现在的县级电视台发不下工资，然后县里出台个政策，让他们考试分流到乡镇，然后在那里按时发工资，乙巳年一直为晋职称烦恼，乡里不给她晋，同年左手食指被电锯或者利器截断，去洛阳正骨医院做手术两次未能接好。正科羊刃驾杀市委书记省高院院长，食神制杀39岁壬寅升正厅，四年后命主父亲反馈合官得官正处，五千万厅级伤官配印，几群无断对，到处讲假反馈文化馆科长官印相生，几群无断对坤造：丁巳?庚戌?丁未?癸卯（空寅卯）胎元：壬子?命宫：甲辰大运：辛亥8?壬子?癸丑?甲寅?乙卯?丙辰丁未日元生庚戌月，伤官当令月上透财，庚金座戌，秋金有气，伤官生财，财很旺年上丁巳比劫助身，座下未土食神，食伤泄身太过。时上癸卯，杀来生印，伤官配印，卯戌合制伤官地支不见财，不过日空寅卯，印禄空，层次不高。问职业？早年行北方运，官杀生印，考上大学没问题。70年生人，读大学会有分配，中年行印运，印无损，断公务员。问婚姻？断二婚。食伤当令克官，婚姻不好，月上庚戌，戌是比劫库，财当夫看，年上比劫克财，一婚是庚财立不住。时上癸卯杀来生印，印为喜，这一婚可以长久，癸杀是二夫。命中伤官配印，印不强，好在杀印相生，一路不悖，能吃皇粮。子平术学习需要找到志同道合的易友，一起实战研究。大龙研究三十余载，欢迎交流学习。
10,12,1,3,5,3,9,1,1,乾癸亥甲寅戊寅壬子,7,出生在23：00到1：00之间是不是在纠结，日柱要怎样定？今天通过案例说明，在未反馈前，我已经算出不同日柱的吉凶，供大家参考。命书中将晚上23：00后出生，归结于第二日，采用第二日的日柱。多数排盘软件，采用这种方式，以至于好多学习命理的易友，不知早晚子时，而盲派引入早晚子时的概念：晚子时晚上23：00到0：00出生，日柱用当天，如甲子日生，则是甲子日庚子时早子时0：00点到1：00点出生，日柱用第二天，如甲子日过0：00生，则用乙丑日庚子时。两种排法，在晚子时产生区别，早子时一样。子时为阴极阳生之刻，午夜零点被视为“阳气初生”的起点，象征新一天的开启。从命理角度看：子时为?阴极阳生?之刻，象征万物萌动、气运初启，盲派讲子时代表过去，现在，未来，确有“神仙难断”之说，因其处于过渡态，能量未定。若日柱判断错误，整个八字格局、用神选取、大运起法都可能偏移，直接影响吉凶推断。希望通过下面案例，各位易友能够正确理解早晚子时，反馈结果有，命盘在，大家可以复盘。之前发表的时辰相关案例，有兴趣的可以参考：?命主出身在23：36分，以早晚子时，有两个盘，日柱不一样? ??早子时：乾造：癸亥?甲寅?戊寅?壬子（申酉）胎元：乙巳命宫：乙卯大运：癸丑5?壬子?辛亥?庚戌?己酉?戊申戊寅日元生于甲寅月，七杀当令，月干透出甲木七杀，年上癸亥，时上壬子财星有根强，生月上的杀，杀星强旺。只能靠座下寅中丙印苟活，但是地支亥寅合，坏寅中丙，必然层次低下。晚子时：乾造：癸亥?甲寅?丁丑?壬子（申酉）胎元：乙巳命宫：乙卯大运：癸丑5?壬子?辛亥?庚戌?己酉?戊申丁丑日元生于甲寅月，印星当令，月干透出甲木正印，年上癸亥，时上壬子官杀混杂，好在一印化万恶，命不见财，格局不坏。地支寅亥合，子丑合，都是制官杀。官杀有制，有层次。问庚戌运戊戌年何事：当时发的是早子时戊寅日盘，前面北方财运，财越重体越弱，受不了这么重的财，婚不成，庚戌运制杀助身克财，必然有财之喜，动婚发财。如是晚子时丁丑日，前面行官运，必利事业。庚戌运，财星透伤官生财，财来坏印财生官，必然大凶。戊戌年伤官生财，财克印见生死或牢狱。反馈是牢狱，足浴城老板。各位易友可以根据反馈结果，再验证。在没有反馈前，能提前判断出两种结果，这需要深厚的命理学功底，不是一时半会儿可以达到。子平术学习需要找到志同道合的易友，一起实战研究。大龙研究三十余载，欢迎交流学习。
2,12,1,9,10,6,5,7,2,坤乙亥甲申癸巳戊午,7,这是之前二柱断命的后续，最近看到她发的八字，补全了四柱。当时靠两柱断出要嫁大很多的老公，老公千万，流产打胎。反馈嫁86年一男，千万家产，车模嫁人后退出行业，老公为娶她，送几套商铺共小几百万。往事不堪回首，车模依然有自己的倔强，用她的话讲：她不是一般人可以碰到。当时知道日柱癸巳，戊癸合之像，断老公大好多岁。戊癸合无情之合，?老少配象。戊土为阳土，象征年老、稳重甚至貌丑的男性；癸水为阴水，象征年轻、灵动或貌美的女性。两者相合为“老夫少妻”或“老妻少夫”，因年龄差距大与传统观点相悖，是“不般配”，故称无情。??戊的禄是巳，是癸水的财，癸要自合巳，所以双方带有利益的结合，因利而合，因利而分，可以同甘不可以共苦。之前有趣的女盘案例，有兴趣的可以参考：坤造：乙亥?甲申?癸巳?戊午（空午未）胎元：乙丑??命宫：己卯大运：乙酉4?丙戌?丁亥?戊子?己丑?庚寅癸巳日元生甲申月，印星当令月上透伤官，年月天干食伤混杂，戊癸合而食伤制官，这是矛盾的象。地支巳申合，用印合财，而亥冲巳，亥是体，代表竞争，劫取。乙在亥是死地，甲在申是绝地，食伤不能生财，用自己去合财官，这很明显了。车模，这职业好，大家都明白。读书行丙戌运，丙透戊到，财来坏印，必然无心学业，能读高中就到头。财到桃花早开，早出来挣钱，因为食伤不行，车模能成功吗？肯定不行，三流都难。时上戊午，官座财，老公有钱。夫宫是巳透戊自合，而年上亥冲巳，年上亥是巳的第一妻，不用反馈，此造是填房命，老公必是离异。丁亥运财到动婚，二柱时断壬寅，寅冲申印被冲结不了婚，癸卯年，食生巳火结婚，按理甲辰年生女。年亥是比劫是表姐朋友，亥上乙死，只能冲财，所以她的朋友无利益可以，有利益是劫财，都要分道扬镳。表姐小时候与她关系很好，一起玩，好的衣服可以一起穿，礼品是双份。后面遇到一个老板，两个人都喜欢钱，与表姐闹翻不再往来。戊子运婚姻会怎样？有兴趣的易友可以研究。表姐八字坤：癸酉　丙辰　己卯　戊辰有兴趣的易友自己研究，我断她表姐壬寅结婚，反馈壬寅有男友，估计明年结婚，表姐是风尘女。子平术学习需要找到志同道合的易友，一起实战研究。大龙研究三十余载，欢迎交流学习。
4,6,3,7,3,7,2,8,1,乾丁巳丙午丙午乙未,7,这是李群主提供的一手案例，命主是他朋友。老李人品没话说，除了桃花多，发的案例全是他自己身边人，介绍他亲弟找我预测，主要是他发的盘，我断对很多。一个人的命盘，能断准几代六亲？爷爷奶奶，外公外婆，叔叔姑姑，舅舅阿姨这些能断出？命主自身的重大吉凶都断不出，亲生父母那年去世都无法断出，那年结婚无法断出，谁能算出那些？全网我只见过古镇一嘴骗子，可以断出，因为古镇一嘴骗子开口不是父方死伤，就是母方死伤，都没有是命主活错，改时辰，还没蒙对，改日子。我还遇到极品，算你父母属相，爷爷奶奶属相，我说算不了，被踢了。之前比劫重的案例，有兴趣的可以参考：乾造：丁巳?丙午?丙午?乙未（空寅卯）胎元：丁酉?命宫：甲辰大运：乙巳5?甲辰?癸卯?壬寅?辛丑?庚子?己亥丙午日元生丙午月，比劫当令月上比劫，年上丁巳明六火，火炎土燥。时上乙未，双午合未，未从火象可以认为是七火，透印乙木，尽管命局偏枯，但是可以用水来克火？土来泄？肯定不能，只能顺其旺势，从其火炎，一旦相激，必然结束。命主江西人，初中，父母双全，约05年结婚生女，两个女儿。开农资店，卖农药化肥种子农用器具。积累财富百万左右，乙巳年发生两件事，一是兄弟去世，二是投资给一老板，老板成植物人，钱没了。目前负债，自己有帕金森病，目前五十没有。总体比劫一片不克父母，克自己与兄弟，过旺之处必有祸害，这是没有争议，多数应在父母身上，少数应在兄妹自己。早年行甲辰运，辰土泄旺气，断学历不高是初中。断05年结婚，癸卯运官透，子女星现，必然有婚恋之象，乙酉年财来坏印，当是结婚。问乙巳年何事？答：心脑血管，癌。实际是兄弟去世，破产负债。辛丑运，丑午穿，午是妻宫座下，自己必然出事。丙午伏吟，是兄弟是自己。所以兄弟亡，自己破产。心脑血管，帕金森病是其中一种情况，这是别人讲的，五行上我不好定。子平术学习需要找到志同道合的易友，一起实战研究。大 龙研究三十余载，欢迎交流学习。
8,6,9,5,8,12,10,6,1,乾辛巳壬辰辛亥癸巳,7,这是Watson老师提供的一手案例：命主父亲是公务员，出轨有私生女，说明命主有同父异母的妹妹。本科学历，现在国企航空，工作是飞行员，正常收入四五十万一年有，是普通打工人中高薪工作之一，飞行员对身体指标，视力，病史要求很高。伤官制官是八字命理中的一种特殊格局，官如虎，制住当官，制不住成鬼。核心是“伤官”克制“官星”。?伤官?代表才华、叛逆与创造力，?官星?代表权力、秩序与事业；两者相制形成动态平衡，往往象征个人通过独特才能挑战或改革权威，从而获取成就。此格局需在八字原局中显现，而非仅流年或大运中出现。正科羊刃驾杀市委书记省高院院长，食神制杀39岁壬寅升正厅，四年后命主父亲反馈合官得官正处，五千万厅级伤官配印，几群无断对，到处讲假反馈文化馆科长官印相生，几群无断对乾造：辛巳?壬辰?辛亥?癸巳（空寅卯）胎元：癸未?命宫：甲申大运：辛卯5?庚寅?己丑?戊子?丁亥?丙戌辛亥日元生壬辰月，印星当令月上透伤官，官印没有透，天干比劫生食伤，癸巳时食神克官。地支巳亥冲伤官制官，巳中丙受制，庚可以生食神，壬癸一左一右紧贴日主，整个命局表现出来是伤官制官。命不见明财，以伤官壬为父，土重行东方运，制土父是公务员。壬水与两个巳火发生关系，出轨有私生女。早年行东方运，食伤生财，秀气外发读本科没问题，一路往北方运制官，断国企。双巳冲亥，伤官有损，只能是国企。辛巳癸巳，辛生癸带象，双巳象机翼。子平术学习需要找到志同道合的易友，一起实战研究。大龙研究三十余载，欢迎交流学习。
4,2,10,2,3,3,3,9,1,乾丁丑癸丑丙寅丙申,7,伤官配印?是指:日主身弱而伤官旺强，配印星生助日主同时克制伤官。印星代表修养，克制，规则来驾驭伤官的才华与另类锋芒，实现?德才兼备，达到平衡。核心成格条件：1、???日主身弱?：日主身弱但不从，见比劫最好。2、伤官旺强?：伤官要当令强旺，月令或成局成势，代表才华与能量充沛。3、印星有根?：印星必须有根，见财财有制不能坏印。??为什么贵？???制化得宜?：伤官自己所生，又当令代表才华但易狂妄，印星代表规矩与品德，印克伤官即是用规矩引导才华，符合阴阳平衡之道。同时印星既能生助弱身，又能克制旺伤，解决了身弱与泄耗过重的双重矛盾，画龙点睛，命局清纯。?忌神转化?：伤官本为凶神，有印制约则转为有用，地利人和，小人退却。这是鱼儿老师认识的人，一手案例，感谢老师提供的好案例。提的问题，相似度太高，本身命理学高手，问题看了好像都对。正科羊刃驾杀市委书记省高院院长，食神制杀39岁壬寅升正厅，四年后命主父亲反馈合官得官正处，五千万厅级伤官配印，几群无断对，到处讲假反馈文化馆科长官印相生，几群无断对乾造：丁丑?癸丑?丙寅?丙申（空戌亥）胎元：甲辰??命宫：乙巳大运：壬子6?辛亥?庚戌?己酉?戊申丙寅日元生癸丑月，伤官当令月上透官，天干三个比劫，年上丁丑，比劫要制财库，时上丙申，比劫制财。地支年月丑土伤官泄身太过，喜印座下为印。时上申冲寅，好在有比劫制财，印虽有损不重，这是典型伤官配印格，并且见财。早年行北方运，官杀生印，印制伤官，必然高学历，硕士没问题。财在时柱晚婚，辛亥运财生杀旺，不可能有婚姻，庚戌运，戌刑丑比劫库刑财库，动婚。此造2023年何事？A.考编上岸B.创业成功C.结婚D.生孩子此造格局伤官配印吃皇粮，B不可能。大运庚戌，财重结婚要体旺，CD两项排除。癸卯年官印相生，卯戌合，印生比劫，制财官，考编。此造2025年何事？A.考编上岸B.创业成功C.结婚D.离婚乙巳年参考上面思路，结婚要体旺，所以印生禄，巳申合财结婚。这个伤官配印案例，可以好好研究，不过时上财终是问题，后面怕不能善终。子平术学习需要找到志同道合的易友，一起实战研究。大龙研究三十余载，欢迎交流学习。
1,3,6,6,1,11,10,10,2,坤甲寅己巳甲戌癸酉,7,《算命》是徐童执导的纪录电影，于2009年在北京独立电影论坛上映。记录盲师厉百程孤独半生，40多岁的时候碰到石珍珠——她因为残障，在老家倍受虐待，两人从此开始一起生活；他们住在北方某个城乡结合地带，厉百程以替人算命维生。来找他算命的主顾常常是妓女，其中之一是唐小雁，女主角之一，自己开按摩店，有几个女服务员。因被拘留，徐童导演在09年花七万将她捞出来，而同意露脸出演。唐小雁找盲师厉百程算命，影片有她的八字，厉师讲她孤单命，要改名。后面将原名唐彩凤改成唐小雁，从此命运齿轮转运，从开按摩店到制片人，最终逆袭成为获得“真实人物奖”的制片人，完成了从社会底层到文化工作者的蜕变。唐小雁出生于东北，因为家里穷，初一辍学赚钱。17岁被强暴，1997年结婚，2004年离婚.2009年3月24日被拘留十五天。《算命》拍完后，成了徐童导演的制片人，2023年1月与徐导演结婚。之前有趣的女盘案例，有兴趣的可以参考：坤造：甲寅?己巳?甲戌?癸酉（空申酉）胎元：庚申??命宫：丙寅大运：戊辰10?丁卯?丙寅 ?乙丑甲子甲戌日元生己巳月，食神当令月上透财，年上甲寅，寅巳穿生食神，命局太燥。时上癸酉官生印，本可解燥，但月上财来克印。地支寅巳穿，酉戌穿全是相害，人生波动曲折大，充满变数，受磨难。初运戊辰，戊癸合财坏印，财越重体越弱，这步运因家境困难，初一辍学，挣钱补贴家用，应该是89年，己巳财旺坏印。夫宫是戌财，大运辰戌冲动夫宫，17岁91年，未刑戌，官透被强暴。丁卯运，卯戌合，丁从戌中透，结婚生子。丁丑年伤官生财结婚，辛巳年食神见根，生子。丙寅运，见禄透食，离婚，遇到厉师。厉师见她见禄透食伤，必然制官杀，断她孤单命。实际04年离婚，一直到22年丑月才结婚，单身18年，时也命也。命中时上癸酉，官印相生，印贴身生她，自己开了按摩店当老板。年上甲寅比劫，寅巳穿帮她生食，为她打工。穿是种伤害，后面被店员举报，己丑年拘留。丙寅运，丙化年上比劫，流年己丑，食神生财，比劫不能克财，财坏印犯官非。己丑运财来合身，徐童导演一直追她，到流年体旺时结婚，22年丑月官宣。子平术学习需要找到志同道合的易友，一起实战研究。大龙研究三十余载，欢迎交流学习。
5,7,2,4,10,8,3,5,2,坤戊午乙卯癸未丙辰,7,人永远赚不到认知之外的财富。也永远避不开认知之外的灾祸。这是朋友圈看到的案例，很有感触，分享给各位易友。人生无常，明天来的是什么，不知道，且行且珍惜。很多人大吃大喝，不愿意对自己的未来，做规划而错失机缘。命主七零后生人大本高学历，先后在合资、外资企业任高管，年薪百万级，那时候十万左右就可以买县级城市一套房。后回国创业建厂，财富几千万级。口罩以后，进入庚戌大运，食伤制官格局打破，搞资本运作，败的一塌糊涂，四处欠帐，现在官司缠身。如果少许知些命理，一入这步大运就激流勇退，哪怕佛系躺平，也不至沦落如此田地！人生没有后悔药，一手王炸四个2，最后凄惨收场。人生起落案例：财坏印，五千万大火烧尽伤官配印，一年发2亿三年破财3亿先破财400万再赚600万，地支双冲大起大落五百万投资亏损，断后三年的反馈女带伤官福不全，夫亡子亡发千万从财格发财亿万富翁，大运流年生扶溺水亡。女车模不堪回首嫁老富，二柱算命盲派象法坤造：戊午?乙卯?癸未?丙辰（空申酉）胎元：丙午??命宫：壬戌大运：甲寅6?癸丑?壬子?辛亥?庚戌?己酉?戊申癸未日元生乙卯月，食神当令月上透食，天干戊癸合官，食神克官。地支卯午破，卯辰穿，卯未合，都是制官杀。癸水日元，支无根，不见印。只能顺当令食神，这盘天干见财生官，破格。能从官吗？当令旺气是食神，所以不可能从官。早年行运从东方往北方，食伤得扶，考上本科，外企高管，年薪百万时一套房十来万，一路开挂。46岁行庚戌，乙庚合卯戌合，食神有生财，丙财有根，官杀无制，悖了命局。这是原局中财生官破格的应期，想要挣更多的财，而命局承载不了，开始破财。目前负债官司，皆因不知进退。不知命无以为君子，过于自信不一定是好事。此命食神当令，制杀成功，相当自我。子平术学习需要找到志同道合的易友，一起实战研究。大龙研究三十余载，欢迎交流学习。
1,11,1,11,6,4,3,3,1,乾甲戌甲戌己卯丙寅,7,这是某站粉丝发的盘，想看下层次。断了学历，工作。未来的事情，未付费不展开讨论。很多易友认识我，从我实断过三关开始，各大群实断，准确率得到很多人认可。这个盘尽管官杀不当令，个人认为官杀重，喜配印。官印相生重点是日主身弱、官星生印星、印星生日主，顺生有情。且印不被财星破坏或刑冲克害?。这是命理中的贵气组合之一，主事业顺遂、名望显达。此盘与印当令有区别，比却当令，不忌财。之前整理的实战案例，有兴趣的可以参考：乾造：甲戌?甲戌?己卯?丙寅（空申酉）胎元：乙丑??命宫：己巳大运：乙亥8?丙子?丁丑?戊寅?己卯?庚辰?辛巳己卯日元生甲戌月，比劫当令月上透官，年上甲伏吟到月，地支寅卯有强根，官虽不当令，但官强。甲己合官，虽戌土当令，卯戌合克，官杀与体是弱平衡。妙在时上丙寅，官印相生，丙印化年月的官，与贵有缘。初运乙亥，丙子北方财地，比劫可制财，格局不破，断研究生，反馈是。工作时行丙子，丁丑运，大运见印，丙子虽是一阳初发，在财地印不旺，但命局官可以生印，印有生机，断吃皇粮，实际是在国企工作。子平术学习需要找到志同道合的易友，一起实战研究。大龙研究三十余载，欢迎交流学习。
4,4,10,4,7,9,7,5,1,乾丁卯癸卯庚申庚辰,7,这是龙老师发在朋友圈的一手案例，老师水平很高断出13年牢狱，这是二进宫案例，浪子回头金不换，出狱后发了小几百万。近朱者赤，与大龙做朋友，好的案例可以发公众号，比自己朋友圈的曝光度高很多。发上公众号之前，我特别征询过龙老师，做案例要不要打码，他同意直接发，大龙盲派以理服人。算命都想知道能不能发财，能不能当官，不知财官失衡，体弱不能承载，轻则官非破财，重则投胎。之前有牢狱发财的案例，大家可以参考：乾造：丁卯?癸卯?庚申?庚辰（空子丑）胎元：甲午??命宫：庚戌大运：壬寅3?辛丑?庚子?己亥?戊戌庚申日元生癸卯月，财星当令月上透伤官，天干比劫生伤官，伤官本制官，但是生财又制官破格。地支双卯穿辰印，财坏印必因财出问题。庚申日在卯月四废日，不能因为四废就讲命不好，时上的庚辰助身，大运扶身还是可以。当时已知有两次牢狱，我断了进去出来时间，可惜出狱时间没有反馈。辛丑运，伤官余气受制，丑可以生身比劫要夺财，引发牢狱。断丙戌年，七杀克身，反馈是乙酉年，实际羊刃冲财，而乙木生丁火，这年牢狱。庚子运大运比劫助身生伤官，伤官可以制官，地支申子辰三会，伤官旺而休衰出问题。癸巳年，伤官死绝不能克官，巳申合禄坏，牢狱。己亥运透印助身，发了小几百万。但是比劫伤官生的财，财多半有些灰色。这两年木火旺，收入从几万一月，到几千，与命局非常符合。上面视频被女同学背刺离婚视频，有兴趣的可以看看，你们付费测算的人，背后来找我请教，从我这里进货后，再给命主解惑。子平术学习需要找到志同道合的易友，一起实战研究。大龙研究三十余载，欢迎交流学习。
2,12,7,5,3,1,5,11,1,乾乙亥庚辰丙子戊戌,7,欲练神功格：必先自宫，金大侠书的故事，第一次在命学圈遇到，感谢山渝道人老师提供的一手案例。命主主要情况：医美中介带人去泰国做医美的，变性人！现在每年要花100万去韩国打针。我看了一下他的照片，是真美啊，太漂亮了，真的比女人还女人。有个男朋友在航空公司上班！辰代表女性的生殖系统，戌代表男性的生殖系统，辰戌冲就互带相，在2018年，他就开始做变性手术。一点一点做，一直做到2023年，卯戌闭库，把男人的阳刚之气全部闭掉了。做成功了。另类案例，有兴趣的可以参考：乾造：乙亥?庚辰?丙子?戊戌（空申酉）胎元：辛未??命宫：己卯大运：己卯3?戊寅?丁丑?丙子?乙亥?甲戌丙子日元生庚辰月，食神当令月上透财，时上戊戌，食重盗泄日元精气喜印年上透印乙木，不巧被月上财星合克。财是食神生的，食神在命局中起到坏的作用，食神主思想，行为。问命主是什么职业，特别之处？答：鸭，功能强。实际是医美，变性。医美圈没接触过，了解一些。我的认识不一定对，私生活比较乱，Gay相对多。初运东方印运，没有问题。行丁丑运，戊戌年开始，大运流年食伤加重，原局的病被放大，命主开始做变性手术，一直到23年手术完全成功。食伤泄透人漂亮，命主变性后比女人更女人。从命理学角度分析，印，食伤在命局中失衡，容易入风尘，同性恋。子平术学习需要找到志同道合的易友，一起实战研究。大龙研究三十余载，欢迎交流学习。
1,3,1,11,2,8,4,2,2,坤甲寅甲戌乙未丁丑,7,无德者必招灾殃，命运的改变在自身。下面案例女命主从几百万到瘫痪一无所有，是命也是自身德行不够。命主身高一米六二，结实强壮，风风火火很蛮横。命主之前是当地有名的黑大姐，有一帮小弟，蛮横强势，看不过就打人，身家几百万，风光无限。命主出家后脾气没改，在庙里打师傅。后面赌博输五十万。2025年，发生严重车祸，命主瘫痪在床，话说不清。出车祸前，命主正盘算着接手一座寺庙，做方丈，这样看来命主福薄，没足够的福报承受住持寺庙的机缘，德不配位，终究惨淡下场。从叱咤一方的黑大姐，到瘫痪在床、苟延残喘的出家人，命主这一生，一手好牌打得稀烂。原来剧本早映了命主的性格，而命主的性格，终究定了命主的命运。特殊女命案例，有兴趣的可以参考：坤造：甲寅?甲戌?乙未?丁丑（空辰巳）胎元：乙丑??命宫：庚午大运：癸酉5??壬申?辛未?庚午?己巳?戊辰乙未日元生甲戌月，财星当令月上透比劫，天干比劫一片生伤官，地支三财重，体弱要比劫制财助身，年支寅木可助身，座下未土为比劫库，可惜财逢三刑，时上伤官生丑土，丑未冲去根，会在财上大破。问命主是：1，尼姑?2，家庭主妇?3，公务员？答：是尼姑。自己座下未中有根，时上丑中有印，肯定有能力，不会是主妇。印不透无明根，公务员不可能。财重三刑无财，入空门是尼姑。命中甲寅是藤萝系甲的甲，只要甲木强，众财可取。时上丁丑食神从戌中出未中出，制丑中官杀，戌刑丑，未冲丑都有制官。因此命主很强势，是黑社会大姐。未是比劫库座下之物，自己带一帮人制财制官。以命相看15行壬申，官来生印，印生身，这步运开始坠入社会。财这么重，学历不会高。庚午运透官制比劫，按命相看16，17年官旺时，运势变差。己巳运天干比劫争财，寅巳穿根被坏要出问题，乙巳流年乙木本来助身制财，但是身座下伤官巳火泄身，穿坏寅木瘫痪。子平术学习需要找到志同道合的易友，一起实战研究。大龙研究三十余载，欢迎交流学习。
7,5,8,6,5,5,1,3,2,坤庚辰辛巳戊辰甲寅,7,这是一位易友与我讨论，发给我实断盘。后面反馈是健身网红，网红叫我沐沐老师，最后被暴瓜。26岁，粉丝15万。兄弟们，这个瓜太炸裂了!抖音BBW健身女博主叫我沐沐老师，平时靠着大胸大臀教健身吸粉不少，还长期在小红书上网暴别人，然后受害者忍无可忍，直接把她的个人信息全扒了出来，结果一查发现，她抖音卖健身励志的人设，私下却在外网推特当福利姬疯狂赚钱，卖那些私家视频卖得还挺贵的，这下好了，网暴别人反被锤福利姬，果然不作死就不会死!有特色的女盘案例：坤造：庚辰?辛巳?戊辰?甲寅（空戌亥）胎元：壬申??命宫：丙戌大运：庚辰2?己卯?戊寅?丁丑?丙子?乙亥?甲戌戊辰日元生辛巳月，建禄格月上透财，地支年月日时日元有根，三支藏官杀，身强体旺。天干食伤混杂，制时上七杀甲，甲座寅穿巳，食在巳中的庚被穿坏，辛巳自合伤官被合制。命局顺其旺气。易友发来讨论，必有其特殊之处：年月食伤制杀，必然无贵，而年上庚食座辰有生，食伤又制不好，寅巳穿杀与自己的禄穿刑，穿刑是一种伤害，所以断其为男人所伤。实际是抖音健身网红，通过身休元素走红。通过国外网站卖自己的私家视频，小有名气。读书时行己卯运，官来生禄读大学没有问题。戊寅运自己座在杀禄上，寅是命局的甲寅，穿巳禄成名。癸卯年自己合财，在互联网发作品，开始成名。卯辰穿到夫宫，获得财富离不开男人。地支三柱有官，私生活丰富，积累大量素材，卖到国外很火。子平术学习需要找到志同道合的易友，一起实战研究。大龙研究三十余载，欢迎交流学习。
10,2,6,8,1,1,8,8,1,乾癸丑己未甲子辛未,8,73年本科，千万富翁很牛X我找到原始提供八字老师：，父母贤能，归国华侨广东人，82年时一年房租收利息一万多，丙申年二婚。乾造：癸丑?己未?甲子?辛未大运：戊午8岁?丁巳?丙辰?乙卯?甲寅甲子日元生己未月，偏财当令。天干甲己自己合财。地支子未穿，财来坏坏。喜丑未冲，冲出官星透在时上生癸印，财生官，官生印，生克有情，命局由浊转清，双未穿子，子丑合，印坏不能取贵。断学历：印星绝处逢生，我断八字时，结合73年时代背景，断大专。提供八字老师讲，命主在国外花钱读的大本。断职业：辛未时，官座比却库，辛是小刀，又生印，断医生。双未穿子，子印受伤，无贵，是个老板。断婚姻：月上己未，己土座比却库，丑未冲，未中乙坏，这是第一妻。时上辛未，未中己是二妻，未上透辛，是官，二婚女带小孩。再看大运，乙卯，比却助身，利财。比却又夺财，必离婚。断财富：财重身弱，印化官生身，千万起。大运乙卯，扶起日元，财上获利巨大。以财上看，三五千万有，因不是本人反馈，包含命主父母财产无法反馈，具体不知道。子平术学习需要找到志同道合的易友，一起实战研究。大龙研究三十余载，欢迎交流学习。
3,5,4,10,8,4,8,4,2,坤丙辰丁酉辛卯辛卯,8,一易友想让我讲讲大S命局，感谢信任，以下是个人观点。徐熙媛，别名大S，华冈艺校戏剧科，2001年，出演电视剧《流星花园》，凭借剧中“杉菜”一角走红，2010结婚，2014年生女，2016生子，婚后基本息影，2025年2月2在日本去世。大S年轻时，台湾命理师算她活不过五十岁，那时她一笑置之。你可以不信命，但请对命运保持敬畏。坤：丙辰?丁酉?辛卯?辛卯（空午未）胎元：戊子??命宫：甲午大运：丙申11?乙未?甲午?癸巳辛卯日元生丁酉月，建禄旺相。丁酉禄上透杀，年上丙官合时辛，天干虽官杀混，问题不大，酉月官杀死地。夫宫卯伏吟到时，卯辰穿，财来坏印，双卯冲酉，双卯成林，酉禄被丁杀盖头，双卯冲，支酉禄坏，天干官杀其凶无比，官杀无情克身，婚不会好。丙申运比劫助身，丙官透现来克比劫。原局财来坏印，印星已坏，所以学历不高，艺校相当于中专或者大专。辛卯日柱可以取象为小刀雕刻木材，有艺术表演绘画，是一个影视演员。原局酉当令，卯酉冲禄有损坏，但是到了乙未运，未是她的印，乙木有入墓的象。未土生酉金强旺起来2001辛巳流年比劫克财，巳生未官生印，大红。原命的官星，在酉月死绝之地，乙未运官星进气，官不够旺，所以没有婚姻。甲午运官星见根，官星旺起来，2010庚寅年，比却助身结婚。甲午年生女，据说是拼了一条命，应该是凶险无比。流年七杀见根，才来生杀克身。按照运程来看，她到这一年以后身体应该非常差。旺是第一夫，应该是年上的丙火。丙火坐下是辰土，辰土生酉金，虽然官来克身，但也有相生之情，不算克她。光头是第二夫，坐下的卯木。以财为夫，原命夫宫的双卯冲酉禄，所以第二个老公会克死她。辛卯自己克财，月上禄当令，大S比较自我，固执。制得住财官，就是富贵，制不住财官，就是鬼来崔命。各位易友，请理性求财官，命无不求。有传大S吃违禁品，真假不知，座下的卯为忌，卯是什么？癸巳运食神制官，原命的癸水在辰，癸水不旺，制不住官。命中官杀混杂，大运官星见根，寿尽。甲辰流年，本来癸水克丙丁，甲木泄癸水生丙丁克身，辛被克尽，肺炎去世。命中忌财，去的日本，财星旺地，一切旨是命。子平术学习需要找到志同道合的易友，一起实战研究。大龙研究三十余载，欢迎交流学习。
5,7,7,9,10,12,4,6,2,坤戊午庚申癸亥丁巳,8,此坤造是点射群里的易友提供，一手八字，细节也可以反馈。另还有一件趣事，之前找人算命，2000元，中间介绍之人拿了800，这中介很爽。实际此造，若找我算命，5000要收的，我算命按命收。大龙盲派八字实战群的八字，都是一手八字，无论答题对错，反馈后基本都能对照命局，反思推敲，总结得失。欢迎有志于命理研究的易友，入群实战。坤：戊午?庚申　癸亥　丁巳（空子丑）胎元：辛亥??命宫：甲子大运：己未8 ?戊午?丁巳?丙辰?乙卯?甲寅癸亥日元生庚申月，印星当令，月令白虎印天地一气。八字组合很好，身癸亥，印庚申，官戊午，财丁巳自座强根，福祷具全。戊癸合官，体旺能合住官，年官时财，互换禄元，富贵彰显，座下亥与时上巳冲，格局略微不美。问学历，婚姻，层次？断本科，公职处级，一婚，3-5千万反馈后，基本对。印当令，问学历，喜官生，早年行己未，戊午，官旺生印，本科没有问题，结合年代，那时本科，相当现在研究生，换在现在出生，断研究生，所以八字命理要与时俱进，灵活变通。婚姻断错，原命巳亥冲，丁巳大运，冲亥引动，婚姻出问题。看职业，财官互换禄，印星当令透天，自己合官，必是当官。官星无伤，支两见根，断处级，目前正科，也合理。看财，时上丁巳，财在门户，旺相，年上见禄，禄上透官合身，财官一体，大发其财，3-5千万。从八字上看，后面必有一却，反馈说找的大师说甲寅运不行，到时不干了。为什么是甲寅？庸师套书断命，甲寅伤官见官，会如庸师所断？子平术学习需要找到志同道合的易友，一起实战研究。大龙研究三十余载，欢迎交流学习。
8,12,6,12,10,4,2,4,1,乾辛亥己亥癸卯乙卯,8,这是金刀驸马易友提供的一手案例，是他一个亲戚。甲午运40岁之前，一无事处，短短5.6年发富千万，时也命也。一子己婚，52岁还生一子，孙子比儿子大，人间一美谈。乾造：辛亥?己亥?癸卯?乙卯（空辰巳）胎元：庚寅??命宫：辛卯大运：戊戌3?丁酉?丙申?乙未?甲午?癸巳癸卯日元生己亥月，比劫当令月上透杀，年上辛亥，印生比劫，比劫一片，喜食伤泄。自座神食，时上乙卯，月上杀生印杀为忌，食神制杀，格局清纯。问职业，22年何事？答：小生意，22年发横财。实际是老板，22年得子，并且发财。比劫一片喜食伤泄，而食神在座下，食神是思想，暗生财，做老板。22年壬寅甲午运，大运伤官生财，流年伤官见禄生财，寅午半会，必然发财。命中杀虚透食制，子孙不旺，甲午运，杀见禄甲己合杀受克，流年寅生午，杀不受甲克，生子。52岁生子，讲实话，真不敢这样断。子平术学习需要找到志同道合的易友，一起实战研究。大龙研究三十余载，欢迎交流学习。
10,2,1,1,4,10,1,5,1,乾癸丑甲子丁酉甲辰,8,此乾造是我19年在一个群实断，后面退出，唯一可惜的是，当时没有截图。最近再进群，得到反馈，500万投资失败，目前事业一般。当时与他表哥合作，入股表哥公司。当时断表哥运程走败运，以命看，表哥的命，承载不了这么多财。命算有缘，无缘相逢也是空。命主19年从广东驱车到安徽找一个王大师，花几千元问投资怎样，得到发大财的批断。乾：癸丑?甲子?丁酉?甲辰（空辰己）胎元：乙卯??命宫：甲子大运：癸亥8 ?壬戌?辛酉?庚申?己未?戊午?丁巳丁酉日元生甲子月，七杀当令，月上透印。年上癸丑，财库透杀，杀来生印，印来生身，是为有情。丁火日元，支不见根，以印化，年上癸生，子月天寒地冻，木无生发又透杀，这种格局，发点富，也易漂，想赚大财，快财，缺少脚踏实地的实干精神。庚申运，财来坏印，支会印，庚申一体，意在生杀生印。庚寅年，印星见根，财虚透，我断这年开始发家，反馈是。丁酉日柱，座下酉为妻，庚申运，庚又来生他，断有情妇，别人有情妇要破财，您有情妇，反而旺财，反馈是，当时我从屏幕能感受他很开心。己亥流年，要投资500万，与表哥合作。当时看了下表哥八字，行运背格，与其合作，肯定不行，当时看到表哥发大财了，心动不已。再观其八字，马上行己未运。子未穿 ，去根，丑未冲，开财库，必是破大财。高峰时千万左右，庚子年，财生杀来穿未，辛丑年，丑冲未，看样子，五百万收不住。丑未冲，应该关门结束。现在有一贸易公司，了胜于无。命理学有句话，真神得用，发富发贵，偏偏找一个江湖大师，时也命也。子平术学习需要找到志同道合的易友，一起实战研究。大龙研究三十余载，欢迎交流学习。
9,7,6,10,9,5,5,9,1,乾壬午己酉壬辰戊申,8,宋朝开始，才用四柱断命，之前有好多神算的大师案例，只有三柱算命，可想而知，这不过是后人加工过后的故事。今天两个盘，前三柱一样，时柱不一样，人生完全不一样。乾造：壬午?己酉?壬辰?戊申（空午未）? ? ? ? ? ? ? ? ? ? ? ? ? ? ? ?乙巳胎元：庚子大运：庚戌7 ?辛亥?壬子?癸丑壬辰日元生己酉月，印星当令月上透官，年上壬午比劫克财，官在午辰有根，用印化官，财要制不能旺。戊申时官杀有印化，壬在申长生，年财制化有情，一路北方运，家境千万。乙巳时伤官制官生财，财重来坏印，印受制断精神病，头脑问题，实际是脑瘫。问父会不会早亡，年上午财是生父，时上乙巳是伤官生的财，巳酉半合，与自己又与酉印发生关系，是继父，所以父应该是早亡。断07，08年水旺时，没有明确时间，反馈可能是。子平术学习需要找到志同道合的易友，一起实战研究。大龙研究三十余载，欢迎交流学习。
6,6,6,6,5,5,5,7,1,乾己巳己巳戊辰戊午,8,这是锦老师提供的一手八字，命主是他朋友，真实可靠。从亿万到负债4千万，人生大起大落，这是我见过极少的案例，各位易友请珍惜这样的一手案例。乾造：己巳?己巳?戊辰?戊午（空戌亥）胎元：庚申??命宫：庚午大运：戊辰2?丁卯?丙寅?乙丑?甲子?癸亥戊辰日元生己巳月，印当令月上透劫财，天干四土，比劫一片。地支三火一土，巳是戊的禄，午是己的禄，双己是干头刃，克财严重。命局三火五火，印当令，只能化印为用。命局偏枯，多成多败。问家运，层次？答：戊辰运好，丁卯丙寅运差，千万。实际是从丙寅运19年开始变差，20年破产父亡。从亿万到负债4千万，人生如戏。这钱命主还不了，不会还，但实际财富是另一回事。财官不见，命盘偏枯，我从象法上断的。座下辰中有癸乙，财官在自己这里，所以有富，但亿万承载不了，终是一场空。化印己土劫财分印，是问题，大运引动己土要破财。丙寅运，寅午半合，己旺克财，流年己亥，比劫夺财，破财开始。庚子年应该有部分在丙寅运，丙克庚，子午冲，冲了阳刃破大财，破产家破父亡。子平术学习需要找到志同道合的易友，一起实战研究。大龙研究三十余载，欢迎交流学习。
3,1,8,2,3,1,10,6,1,乾丙子辛丑丙子癸巳,8,冷老师认识很多年，很聪明，高学历，很正直，这是他一个打游戏的朋友，一手的八字，反馈有千万，他不太信。这个盘，初看是容易看走眼，今天发出来，大家一起研究。乾造：丙子?辛丑?丙子?癸巳（空申酉）胎元：壬寅??命宫：己亥大运：壬寅2?癸卯?甲辰?乙巳?丙午丙子日元生辛丑月，伤官当令月上透财，丙辛合子丑合，合财制官。年上丙子伏吟到日，双子合丑，地支官重，丑有化水之象。时上癸巳，时禄归时，巳生丑，加强伤官的力量，命局生机盎然，即制了水，又暖了局。问学历？层次？答：本硕小富，小富指千万。命主反馈是千万，冷老师有些不信。日禄归时，忌见官杀重，好在伤官制官，伤官靠时上的禄星巳为生，所以命局中的巳火不能受伤。读书时行东方运，印来化官生禄，本科。目前行甲辰运，天干印生身，地支辰墓子水，官有制，官当财，千万级。子平术学习需要找到志同道合的易友，一起实战研究。大龙研究三十余载，欢迎交流学习。
4,2,10,2,3,1,9,5,2,坤丁丑癸丑丙子壬辰,8,?刘玥1999年出生于北京，2016年考入清华大学后留学英国，从象牙塔到P站女王，她以艺名SpicyGum进入成人内容行业，凭借清纯学霸形象与大胆内容的强烈反差迅速走红，成为P站上最具影响力的华人女优之一。群里发的八字，后面反馈是她，今天从命理视角，解析八字里到底藏着哪些逆天密码？坤造：丁丑?癸丑?丙子?壬辰（空申酉）胎元：甲辰??命宫：辛亥大运：甲寅4?乙卯?丙辰?丁巳?戊午丙子日元生癸丑月，伤官当令月上透官，丑月火胎地无力，座官天干官杀混杂，官在年月日时地支有根，官强。年上丁是比劫合杀，生伤官合官。命中意向在制官，辰中乙本，天干杀来生，印不透，伤官为体，思想另类，不安常规出牌。问学历与职业？答：硕士，小姐。早年行东方运，印星化官生身，克伤官乱来的本性，学霸本科考上清华硕士再留学。职业：官在年月日时地支有根，天干透两官杀，到处是男人，伤官制官，官为自己用，伤官是女人的下体，女优。伤官这么重，不可能有裹脚布的传统贞洁观，很庆幸生在新社会，不然浸猪笼。丙辰运，比劫生食神制杀，辰墓官印退气，无所顾忌，20年开始进入成人视频网站。乙巳年印生禄制尽官星，大火。子平术学习需要找到志同道合的易友，一起实战研究。大龙研究三十余载，欢迎交流学习。
9,3,10,2,6,2,5,5,2,坤壬寅癸丑己丑戊辰,8,这是一手盘，真实可靠，家人想知道后面上学怎样。母亲42岁生，县里副书记，后面沟通，千万应该有，当官的好多资产不好公开。富二代的盘网上多见，官二代少见，发出来大家学习。坤造：壬寅?癸丑?己丑?戊辰（空午未）胎元：甲辰??命宫：壬子大运：壬子9?辛亥?庚戌?己酉?戊申己丑日元生癸丑月，比劫当令月上透财，时上戊辰，比劫一片。丑月水有刚进气，癸水壬水，是虚透，这样一看，这盘偏枯，财被克。胎元甲辰，年上寅中见禄，喜官克比劫克财，在娘胎时有生机，命宫壬子财旺，气势反转。问家境，学历？2022年生，学历不可能反馈，空断马后炮是古镇一嘴骗子做的事，我断了家境，官二代千万，反馈是。命不见印，官寅当印，丑月官进气，胎元透，财来生官，官必发用，家庭中有官贵。官不当令，财断千万，先反馈大几百万，后面细问，县级副书记，千万应该有。再反馈，有些资产不便细讲，千万会有。这里要注意，断命要以命为主，不能以反馈为主，如不细问，会是大几百万层次。子平术学习需要找到志同道合的易友，一起实战研究。大龙研究三十余载，欢迎交流学习。
2,2,6,2,9,9,1,5,1,乾乙丑己丑壬申甲辰,8,拿到一个命盘，盲断实际是最难，有无数可能的职业，而四个选项，具体到职业，选择相对容易很多，能发现其中的逻辑，很快有答案。反馈如下，很详细：公职警察，派出所所长，父亲有能力，家里有关系，所有前期铺垫，都是家里做的，当警察吃了不少苦，浑身上下都有伤疤。层次，小康婚姻，一婚，有情人，己亥年出轨，闹腾了一阵，没离，壬寅年一直想离，想从新找一个对像。甲午年，吉，结婚。戊戌年，吉，升职副所长，辛丑年，吉，升任所长乾造：乙丑?己丑?壬申?甲辰（空戌亥）胎元：庚辰??命宫：丁亥大运：戊子9?丁亥?丙戌?乙酉?甲申壬申日元生乙酉月，官星当令月上透官，年时是官杀，座下正印化官生身。天干食伤制官制杀，天干地支一致，制官。忌财不见财，命局清纯。层次?A无业游民，无车无房，小混混B派出所所长，小康C小学老师，温饱D开工厂的老板，几千万资产初运北方，扶身生食伤，食伤代表智慧，制官制杀，应该有学历。A不可能。从北方运往西方运，喜用不悖，必然发富贵。C不可能。BD二选一，甲己合官，合官得官，这是所长。另外如果你会看财富层次，小庚与几千万差很多，也能判断。 ?子平术学习需要找到志同道合的易友，一起实战研究。大龙研究三十余载，欢迎交流学习。
9,5,5,9,7,11,3,11,1,乾壬辰戊申庚戌丙戌,8,此盘是出题老师的亲戚，盘无误，反馈细节都有，是不可多得的案例。副部级领导，八字气势十足，食神制杀格局高，建议多多研究命理，来源清白，真实可靠的盘，层次这么高，一生不见得遇几回。别拿转了几手的案例，来比较，不是一回事。下面是主要反馈：初期部队卫戍区炮兵领导，回地方后进入省法院。53岁升省法院一把手，65退省政协二线。他们兄弟三个，都当兵，命主是老二，老大当兵后在兵工厂当干部，老三搞煤矿。他们父亲是以前的村支书，之前地下党，母亲在家务农。将相本无种！牛马加油！整理出贵的案例：39岁壬寅升正厅，四年后命主父亲反馈合官得官正处，五千万厅级伤官配印，几群无断对，到处讲假反馈文化馆科长官印相生，几群无断对乾造：壬辰?戊申?庚戌?丙戌（空寅卯）胎元：己亥??命宫：辛亥大运：己酉3?庚戌?辛亥?壬子?癸丑?甲寅?乙卯庚戌日元生戊申月，建禄格月上透印，地支三重土印，时上丙戌，杀印相生。年上壬辰，食神制杀，月上戊印枭神夺食，命盘可以有三种取用。到底怎样选择？要看命盘想要表达什么？而不是命师自己认为怎样。将命盘看成一粒种子，怎样从泥土里生根发芽开花结果，必须当一个生命来看态。壬水在申中长生，胎元，命宫见禄。丙在申月死地，座戌是入墓。戊在申月死地，先生申金再夺食，申化戊生壬，戊力量不够，格取食神制杀。问职业？层次？答：处级，千万。食神制杀，要食旺旺印弱，早年西方运，化印生食，庚戌魁罡武将，当兵发贵。一路北方运，东方运，扶起食伤，克制印星发贵。甲寅运甲申年，财生杀旺，流年见禄可以担起财官，升省高院院长。命理测算一定要以命局为准，统筹分析，抽丝剥茧，最后得出结论，才能预测将来。不可能找一个老师，学习一两个月一两年，可以神算，这种多数会上当受骗。子平术学习需要找到志同道合的易友，一起实战研究。大龙研究三十余载，欢迎交流学习。
3,5,8,2,5,5,10,2,2,坤丙辰辛丑戊辰癸丑,8,?这是李群主的一个朋友，一手案例，江西人。伤官生财，伤官见根运发千万。男命女命比劫重了都不美，少数两全。命主行业断出，当然职业千千万，不要过于执着，断不对是正常。之前有一个骗子老孔群，专门断职业，命中有两酉，有人算出是做煎饼，讲酉金是两个铲子。但是有一个问题，断对职业的人，很随机，不是那几个人经常对。比劫重，伤官重婚姻容易出现问题案例：丁旭清比劫一片，弟弟不灵猫老六亲证?这是紫微骗子丁旭清的八字，断二婚必离，文章发表没一个星期，爆出老婆猫老六出轨，己签离婚协议，克父克妻。财当令父先亡，只因比劫一片女带伤官福不全，夫亡子亡发千万坤造：丙辰?辛丑?戊辰?癸丑（空戌亥）胎元：壬辰??命宫：辛卯大运：庚子3?己亥?戊戌?丁酉?丙申?乙未戊辰日元生辛丑月，比劫当令月上透伤官，五土一火，火土成势。时癸丑戊癸合，财在丑月有余气，月上伤官透生财为喜，丑墓中透伤，不强。年上丙辰，印合伤官辛，辛被合克，癸必出问题。看盘中年行西方运食伤旺，必发家断千万，五金老板。反馈：命主做PCB老板，丁酉运开始发家，千万身家，老公上班，主要钱财是命主挣的，乙巳年老公去世。比劫一片克财，命中辰中有乙官，癸从财官辰中透，癸当库看，合财财是夫。命中丙辛合，伤官受制夫先亡。丙申大运，丙透合辛，命中丙辛合的应期。乙巳流年，官生印，巳申合食被制，癸绝夫亡。子平术学习需要找到志同道合的易友，一起实战研究。大 龙研究三十余载，欢迎交流学习。
8,10,4,10,4,10,10,4,2,坤辛酉丁酉丁酉癸卯,8,算命想算准细节，单纯靠八个字加大运二个字加流年二个字，共12个字组合，很难精确断出细节。大龙盲派加入象法，解读命盘背后的细节，从而展现一个人完整的人生故事，这是有可能做到。现实中有人付费实测，开始时我会讲明，命理学不是录像回放，不可能百分百。号称百分百肯定是骗子，金无赤金，那个人每次考一百分？如果你愿意付费相信百分百，付的是智商税。群里实战，二选一：师兄们，财富多少？婚姻如何？1：两千万，离异2：二十万，和睦答：二千万，挣男人钱。反馈：出生家境普通，学历大专，结婚后从事美容行业越干越大，现在是美容院长，资产两千万，一子一女，婚姻离异。类似的案例，可以参考：坤造：辛酉?丁酉?丁酉?癸卯（空辰巳）胎元：戊子??命宫：癸巳大运：戊戌9?己亥?庚子?辛丑?壬寅?癸卯丁酉日元生丁酉月，财星当令月上透比肩，地支三酉财从年伏吟到日，年上透辛财，财强旺。时上癸卯，三酉冲卯，杀印相生，命局有两种取用，一是杀印相生，另一种贪财坏印。地支财肯定强，印被制住，天干的辛能立住，从财，立不住杀印相生。年上辛金在年月日有根当令，月上丁酉而丁在酉上长生，看起来双方力量好像差不多，但是阴长生是虚旺的象，所以月上丁制不住财，财统局贪财坏印。命要制印，早年行北方官杀之地，生印家境普通。什么时候能发财？财来之时，庚子辛丑运，至此已经答完题，不过我们可以再深入，具体，加入细节，这样如是客户来预测，会更相信我们。财在夫宫，财当夫。男人多不多？四柱全有财官，酉是夫宫，年月全是夫宫，是不是全是男人？所以当时断二千万，发男人的财。命理学从易到难，我们要有序给自己增加难度，积累经验，才有机会成为优秀命理师。现在已经建了大龙盲派公众号粉丝群，欢迎有志于命理学习提高的易友交流学习。子平术学习需要找到志同道合的易友，一起实战研究。大龙研究三十余载，欢迎交流学习。
7,11,1,9,7,9,1,9,1,乾庚戌甲申庚申甲申,8,这个八字，是群中一位易友提供，点射层次，辛丑年何事?当时分析这个八字，发财的命，申时千万层次，命盘没有出生的时间，又点射，未时上亿的格局。千万，未时亿，当时打了这几个字，在分析辛丑年，看到反馈，同步将我答案发了。只有两位老师参与，没想到反馈这样快。后面思考这个八字，验证，个人认为是未时，第二天找发八字的老师，问到这个不是一手八字，命主汽车行业。后面百度，经过多方查找，确定是吴钢，19年生病，也不是突发心梗。命理研究很严谨：不但在于分析命理，还在于对八字的来源，找到出处，才能更好验证。只有踏踏实实学习研究命理，才能面对客户时断准八字，给客户排忧解难。命理界的耻辱，古镇一嘴骗子，大家要引以为戒，坑蒙拐骗只能一时。之前发表的亿万富翁案例，有兴趣的可以参考：乾：庚戌　甲申　庚申　甲申（空子丑）胎元：　乙亥??命宫：丁亥大运：　乙酉11　丙戌　丁亥?戊子?己丑庚申日元生甲申月，财虚透，时上甲申伏吟，食神藏而不显，年上比却克财。财星很弱，不见食伤，初看此命，无一点富贵之象。胎元，命宫丁亥，食神见根，财又长生，富贵峰回路转，一路西北大运，断千万。因不知具体时辰，这种点射八字，都是非常有特点的。再看癸未时，伤官泄秀，未又是财库，财库的财巨大无比，所以断癸未时亿万富豪。反馈是亿万，大龙盲派所断如所见！这应该是癸未时的八字。以命相看，应该是丁亥运发达，后面百度查阅资料，确实是丁亥运开始发达。以甲申时看，己丑运，也不会亡。癸未时，确实是死亡的象。具体癸未时死亡，有兴趣的易友可以自已研究。子平术学习需要找到志同道合的易友，一起实战研究。大龙研究三十余载，欢迎交流学习。
10,8,6,8,10,2,10,2,1,乾癸未己未癸丑癸丑,8,这是易友的一手盘，发出来实战。之前在古镇一嘴骗子群里，古镇一嘴给他父母算成卖菜贩，他不愿意假反馈顺着古镇一嘴骗子，真反馈后被踢，这是很好的案例说明古镇一嘴骗子不学无术。天干虽三癸虚透，只能弃命从杀，下面是我在实践中关于弃命从杀的心得：日干极度衰弱且无根的情况下，同时四柱中官杀星众多且力量强大。在这种格局下，命主为了生存和发展，不得不顺应官杀的气势。其核心在于日主极度衰弱，缺乏生扶之力（如印绶、比劫的帮助），因此只能舍弃自身的五行属性，选择“从杀”，即顺应强势的七杀（偏官）之气。之前发表的出贵案例，有兴趣可以参考：伤官配印硕士，父母双贵伤官配印，一家三口全是官命省高院院长，食神制杀39岁壬寅升正厅，四年后命主父亲反馈合官得官正处，五千万厅级伤官配印，几群无断对，到处讲假反馈文化馆科长官印相生，几群无断对乾造：癸未?己未?癸丑?癸丑（空寅卯）胎元：庚戌??命宫：辛酉大运：戊午12?丁巳?丙辰?乙卯?甲寅癸丑日元生己未月，七杀当令月上透七杀，地支七杀一片，丑未冲，丑中辛坏，天干三癸虚透，月上七杀己土专权统局。印坏癸水只能顺旺气七杀，命局弃命从杀，水土二干不杂，有层次。古镇一嘴骗子为什么算命主家里卖菜的了？它认为用食神制杀，未是食伤库，木库是菜地，卖菜的。初运南方财地，财生杀旺没有悖命局，学历本科。断家境富贵自己出贵，实际父母当官，自己吃皇粮。命主非常认可大龙盲派命理实力，不是古镇一嘴骗子自吹自擂。子平术学习需要找到志同道合的易友，一起实战研究。大龙研究三十余载，欢迎交流学习。
4,10,10,2,6,2,2,2,1,乾丁酉癸丑己丑乙丑,8,群太多看不了几个群，特别我自己建立大龙盲派公众号粉丝群，大部时间在粉丝群。其它群，除了特殊盘，一般不会断。巳火耀明，之前在它群里呆过，看它实断过，水平太菜。这两个案例它发在其它群里，它发出来，自己讲好多学生在群里，之前给学生公开课讲过。这种水平还带学生，它自己马后炮整不明白，教学生？？可想而知，当前的命理界，这样的大师不是个例，命理水平低下。很简单逻辑，我盲断出结果，难道不如它一个马后炮？还要我讲易理，真的搞笑。据说丁酉造是郝金阳生前断过案例，有了解的可以留言，我对郝金阳不了解，但是段建业当年为了割韭菜，发明的做功，真是害人不浅，盲派自古无做功一说。可能23年在段建业建的一个群里玩过，段建业收费200，在群里公开给人算命，群里好多人骂它，算错的多，对的少。这两个案例，地支三连，偏枯混杂有学习研究价值，分享出来，大家可以参考。正科羊刃驾杀市委书记省高院院长，食神制杀39岁壬寅升正厅，四年后命主父亲反馈合官得官正处，五千万厅级伤官配印，几群无断对，到处讲假反馈文化馆科长官印相生，几群无断对乾造：丁酉?癸丑?己丑?乙丑（空午未）胎元：甲辰?命宫：癸卯大运：壬子3?辛亥?庚戌?己酉?戊申?丁未?丙午己丑日元生癸丑月，比劫当令月上透财，地支三丑伏吟，生年上酉食。土重用食伤生财，而年食酉上透丁枭印，印来坏事，好在月癸财来克丁枭。有病有药，格局清纯。早年行北方运，财星得运，制尽印星，正是读书时，必然有学历，中年行食伤运，生财制杀，必然发贵，所以我断是吃皇粮。乾造：戊申?庚申?庚申?丁丑（丙子）（空子丑）胎元：辛亥??命宫：庚申大运：辛酉8?壬戌?癸亥?甲子?乙丑?丙寅庚申日元生庚申月，比劫当令月上比劫，地支三申伏吟，时上丁丑，二土五金。时上正官丁火虚透，年月日时无气，必然无用。只能用申中壬水食神。独官要制，食伤不明见，层次不高。之前发表的时辰相关案例，有兴趣的可以参考：我看到盘时，第一反应是丙子时，发然发富贵。因为子水伤官泄三禄，而丙杀透，必然被制，见了食伤制官杀有力，中年行北方运，发富贵。巳火耀明不知从那里翻书，讲丁丑是印带官帽，所以当官。这种假大师，带了很多学生，只会搬书，不知其所以然，马后炮都不会，无论它所谓的官帽是要用官还是制官，命局大运都不能解决。没行南方运，官无扶无用。只能制官，行北方运，年上戊印，地支丑印都可以制食伤，官制不了，那来的检查长贵？通过这两案例，我们在学习命理时，一定要求真务实，不是浮于表面，书上套一句口诀，算对不知其理，算错不知其所以然。子平术学习需要找到志同道合的易友，一起实战研究。大龙研究三十余载，欢迎交流学习。
9,7,9,3,5,7,6,8,1,乾壬午壬寅戊午己未,8,这是务实老师提供的一手案例，好像是他一堂弟，反馈与八字很靠谱。大龙公众号粉丝群：很多都是易友身边人的盘，命师提供的一手案例，适合真正喜欢研究命理学的易友。好的案例，我会在群里用语音连线的方式，组织大家互相交流学习。大家畅所欲言，没有神，没有权威，命理可以求同存异，但不可人身攻击。命主主要信息：父母有贵，家产千万左右，自己考的大学三本，目前是基层的公务员，政法系。正科羊刃驾杀市委书记省高院院长，食神制杀39岁壬寅升正厅，四年后命主父亲反馈合官得官正处，五千万厅级伤官配印，几群无断对，到处讲假反馈文化馆科长官印相生，几群无断对乾造：壬午?壬寅?戊午?己未（空子丑）胎元：癸巳??命宫：戊申大运：癸卯5?甲辰?乙巳?丙午?丁未?戊申?己酉戊午日元生壬寅月，七杀当令月上透财，天干年月二财，地支不见根虚透，时上己未，比劫克财。地支寅午半会杀印相生，午未合合官杀库。有杀先论杀，七杀当令不能财再旺，地支不见财，印不坏。天干制财，地支化杀，格局不破，杀印相生，很好的局。问家境与职业？答：小富事业单位。印为生身这本，问家境先看印星，初运癸卯甲辰，印星得扶，必然家境优渥，千万身家，胎元癸巳，娘胎里开始享福，富二代。早运读书，印星无损本科。杀印相生吃皇粮，断了事业单位，实际是公务员。当时看年上壬午财坏印，印有小损。现在对照时上比劫克财，印无损政法公务员。子平术学习需要找到志同道合的易友，一起实战研究。大龙研究三十余载，欢迎交流学习。
6,10,4,4,4,10,7,1,1,乾己酉丁卯丁酉庚子,8,这是一手案例，命主本人现在精神有问题。当时反馈后，我断了火灾流年，要问命主本人，没有答案。从3月16日，一直跟进到3月28日，得到明确答案。可见学习研究命理，要坚持不懈，这世间可能有极少数天才，但是绝大多数，都是通过自己努力钻研，实践总结，小心求证才能取得成功。我没有断出破产，大运没有算对，有对有错，这才是正常，世间无神。如果有所谓全能算对的神，一定是骗子。如古镇一嘴之流，错了改时辰，改日子。命主主要信息：家境很好，癸亥运发家，壬戌运丁酉年火灾，塑料工厂烧完，五千万清零，从此精神不正常。人生起落案例：先破财400万再赚600万，地支双冲大起大落五百万投资亏损，断后三年的反馈女带伤官福不全，夫亡子亡发千万从财格发财亿万富翁，大运流年生扶溺水亡。女车模不堪回首嫁老富，二柱算命盲派象法乾造：己酉?丁卯?丁酉?庚子（空辰巳）胎元：己未??命宫：丙寅大运：丙寅6?乙丑?甲子?癸亥?壬戌??辛酉庚申丁酉日元生丁卯月，印星当令月上透比劫，年上己酉食神生财，时上庚子，本来月上比劫制财，不巧被年食泄。地支双酉冲卯，印虽当令，比劫无根，印不强。相对而言，财星很强。初运东方印地，生身克财，印为生身之本，家境很好。癸亥运七杀透，克比劫，财无制。断起伏不定，实际上，亥卯会印，官杀化财生印，开始发家。壬戌运，戌是比劫库，穿财制财，断甲午年发大财。按反馈看，丁酉年失火败，之前几年，财运会很好。壬戌运丁壬合，卯戌合，丁卯被合，喜用被合绊破产。丁酉年，丁壬合，比劫被制，酉财旺冲卯，印坏印是产业工厂，失火财产化火灰烬。子平术学习需要找到志同道合的易友，一起实战研究。大龙研究三十余载，欢迎交流学习。
9,11,9,1,4,12,3,7,2,坤壬戌壬子丁亥丙午,8,现实中湿木头含水分多，直接点燃很难，命理学家据此延伸，用来描述?八字中木被水过度浸润后的木，不生火，这是湿木不生火的现实依据。当然有一定的准确度，但使用过程中要辨证分析，不同组合有不同用法。森林失火，湿木一样可以生火，用水灭火可以吗？之前发的发富案例，有兴趣的可以参考：坤造：壬戌?壬子?丁亥?丙午（空辰巳）胎元：癸卯??命宫：己酉大运：辛亥8?庚戌?己酉?戊申?丁未?丙午丁亥日元生壬子月，七杀当令月上透官，天干丁壬合官，官在地支有强根，时上丙午比劫助身抗官杀，体弱官重。地支亥子水局成势，子午冲破禄，如果禄坏尽必然贫。年上壬戌，午戌半会，伤官制官午禄受损不会坏尽。问学历，层次，婚姻？答：初中，大几百万，一婚桃花多。尽管没反馈桃花，桃花必然多。此盘座下亥中藏甲，印是事业，印如能化官生身，可以发富。印若无用，温饱。时上丙午，火势有源。大运能制官，则木火可用。己酉运己在戌午有根可制官，流年火土一见根必然发富。断癸巳甲午年发家，反馈是。喜印印不显，学历不高，断初中反馈中专，很合理。子平术学习需要找到志同道合的易友，一起实战研究。大龙研究三十余载，欢迎交流学习。
5,5,6,8,10,2,7,9,1,乾戊辰己未癸丑庚申,8,这是视频上看到韦尔读碑文的博主，读到的同治生人，一个人一生百十字。幼年父亡，中年修屋买田，生一子二女，碑文是他自己写，时年62，去世时间没有拍出来。旁边葬的是其妻，同治癸酉年，56岁去世，在命主前面去世。按当时的社会状况，命主是地方名流，小富贵格局。我们研究古人的盘，常常以族谱，墓碑记录为准，普通人研究名人只要精准到日，时辰不会关注。而命理学要到时辰，此墓碑是未时生，而命主主要经历，未时不可能，只能是申时才合人生。之前发的发富案例，有兴趣的可以参考：乾造：戊辰?己未?癸丑?庚申（空寅卯）胎元：庚戌??命宫：乙丑大运：庚申4?辛酉?壬戌?癸亥?甲子?乙丑?丙寅癸丑日元生己未月，七杀当令月上透杀，年上戊辰，官杀混杂克身无情。时上庚申白虎印化官化杀，格局清纯有情，时上庚申，只能白手起家。如是己未时，必然从杀，中年行比劫运，必然贫困。八字土重财被泄太过，胎元庚戌财星入墓，父早夭，写幼年父亡，按流年看，丁丑年最有可能。在古代幼年丧父可见生活之艰。年月官杀重克身，祖业不丰，墓碑上写自己建屋买田可见，命主兴家立业。乙丑运丑未冲，是原局丑未冲应期。未被冲，未中乙丁坏妻亡。戊辰年土重泄火，妻亡。子平术学习需要找到志同道合的易友，一起实战研究。大龙研究三十余载，欢迎交流学习。
5,7,4,6,9,5,4,8,1,乾戊午丁巳壬辰丁未,9,命理学在层次流年上能精准，基本出师。实践中，这两项可以准确，客人会信你。今天这个案例，从财格发财亿万，财与体不能平衡，触电溺水亡。中国人传统中多做善事，积德行善，是另一种的身财平衡，可能结果不一样。乾造：戊午?丁巳?壬辰?丁未（空午未）胎元：戊申??命宫：丁巳大运：戊午3?己未?庚申?辛酉?壬戌壬辰日元生丁巳月，财星当令月上透财，支巳午未三会火局，年上透戊杀，杀在年月日时俱有根，双丁会壬，日元只能弃命从财。问庚子年酉月何事？层次？职业？答：火灾出人命，几千万，老板。反馈是钓鱼触电溺水亡，上亿，箱包老板。从财行西方运，火能制金，发财亿万。当时看戊泄火之势，断了几千万。壬戌运庚子年，比却透天助身，逆转命局大势，本来投诚归顺相安无事，现在水火交战，必然出事。水火交战，断火上出问题，实际触电，电取火象没有问题。子平术学习需要找到志同道合的易友，一起实战研究。大龙研究三十余载，欢迎交流学习。
1,1,10,10,10,2,7,9,1,乾甲子癸酉癸丑庚申,9,这是锦老师提供的一手案例，命主本人与他是朋友，有微信，户口本都发给他，我看到。群里随时能看到发亿万的盘，真假不确定。各位易友放心研究，一手八字。乾造：甲子?癸酉?癸丑?庚申（空寅卯）胎元：甲子??命宫：丙子大运：甲戌8?乙亥?丙子?丁丑癸丑日元生癸酉月，印星当令月上透比劫，时上庚申，命局印重。申酉从丑中出，日主用丑墓申酉。年上甲子，伤官独透泄秀，时上庚克甲，好在癸化庚生甲。问层次，婚姻，桃花，子女。答：十亿，二婚，桃花多，二三个子女，反馈对。丁丑运，丑墓申酉，甲在丑进气，解决了命口印克伤官的问题，有病有药，自然发大财。丁丑运，财在印库上制印。丁丑运几个流年都是制印，生扶食伤与财，发亿万。癸申酉从丑中出，与伤官配制，应该有不干净的财。命不见财，伤官当财，庚克甲，丑合子，甲子受制，二婚很明显。月上癸从丑中出，生年上的伤官，月癸代表命主自己想法，年上伤官生外面的财，桃花当然旺。子平术学习需要找到志同道合的易友，一起实战研究。大龙研究三十余载，欢迎交流学习。
3,7,1,7,10,2,8,10,1,乾丙午甲午癸丑辛酉,9,亿万富翁发富的盘，在命理上有几种组合，官杀当财，食神制杀，官印相生，伤官生财，枭印夺食，很多是书上的凶神得用。实际命理中并无凶神吉神之说，命局中凶神得用，反而发富贵的层次更高。乾：丙午?甲午?癸丑?辛酉（空寅卯）胎元：乙酉?命宫：辛丑乙未6 丙申 丁酉 戊戌 己亥 庚子癸丑日元生甲午月，财当今，月上伤官泄身身财，年上财伏到月，财当令，又有源，亿万之巨。财有，如何取财？财能流通到自己，才是自己的财。午火生丑土，丑土生酉金，印来生身，顺生有情，终究发富。问结婚，座下印库，辛，癸都有用，伤官还生财，一婚。财来穿妻宫，美中不足，伤官生年月的财，情妇是多。有情妇与离婚是两回事，不可不辩。此造为什么发富不发贵，易友们可以想一想。子平术学习需要找到志同道合的易友，一起实战研究。大龙研究三十余载，欢迎交流学习。
6,10,4,2,4,10,8,2,1,乾己酉丁丑丁酉辛丑,9,文三爷，湖南非常有名的黑社会大佬，开赌场，放高利贷，组织、领导、参加黑社会性质案子，16年被网上举报，17年被抓住，19年被判无期徒刑。按照判决，资产有12亿。上有二姐，排老三。我找到提供这一手八字老师，八字来源非常可靠，具体怎样得到这个八字，有私密信息，不方便多讲。乾：己酉?丁丑?丁酉?辛丑（空辰巳）胎元：戊辰?命宫：丁卯大运：丙子5 ?乙亥?甲戌?癸酉?壬申丁酉日元生丁丑月，食神当今，月上比却助助身，胎元戊辰，伤官泄身，地支丑酉合财，只能顺财。时上辛丑，财星通门户，财成势，几十亿的巨富。月上比却助身，这就是问题，月上丁帮生食神，同时劫财，这个丁火即是贵人，也是手下小弟，丑财库从月，伏到时，自己得大财，别人得小财。甲戌运开始起家，戌是伤官，也是比劫库存，这步运，波折多。癸酉运，七杀制比却，发家。壬申运，丁壬合木，破局了。丁酉年，三丁成势，牢狱。以命相看，己巳运，应该可以出狱。为什么是黑社会？丑是财库又是食神，财从丑中出，四库中，丑中之物最阴暗。开赌场，放高利贷，打砸抢夺。八字不见阳，心狠手辣，毫无疑问，这八字女人也多。子平术学习需要找到志同道合的易友，一起实战研究。大龙研究三十余载，欢迎交流学习。
4,8,6,10,2,6,6,4,1,乾丁未己酉乙巳己卯,9,此乾造是我在一个群实断，后发在我群，所以有两张截图，是我群截图，我用语音分享一些个人观点，供易友参考，大龙盲派八字实战群，学习交流永远是第一位。大龙盲派八字实战群，每天的擂题由群里易友轮流出，打擂当天晚上由出题老师直接反馈，答案只有出题老师自己知道。上榜的老师，剖析易理，分享经验。大龙盲派八字实战群，玩的就是公平公正公开，易学圈子不大，相信很多易友听说过，期待能在易学道路相向前行。这里特别讲下含章老师，是我玩易遇到为数不多的是真正喜欢命理学，研究命理学老师，他写过一篇文章，专门介绍八字命理从唐宋到现在的变迁。命理学正是有许多这样的人，才能不断绽放光芒。乾：丁未?己酉?乙巳?己卯（空寅卯）胎元：庚子?命宫：戊申大运：戊申11?丁未?丙午?乙巳?甲辰乙巳日元生己酉月，七杀当令，月上透财，财滋杀旺，杀气腾腾。有杀先论杀，这种月上七杀要特别小心，命局配置不当，非贫即夭，否则一个夭命，还论富贵，徒增笑话。年上丁未，比却库上透食，有制杀之意。喜日禄归时有强根，酉冲卯，巳酉合，伤官合杀命局有救应。食伤制杀，大格局，是发贵还是发富？易友们想想为什么是发富？以大龙盲派命理，我当时断的是发富。财滋杀旺，食伤制杀，必是大富之命，断上亿。两个字后面的知识，值多少？这种命，卦金都是五位数。丙午运，伤官透，发家，乙巳运，日柱伏吟，必是龙在九天，大运职业精准算出，这才是真正的命理。年上丁火生了两个己土，财来坏印，学历不高。乙巳日柱，巳中有官，发富必有官方相助，一路南方运，看看此人行事手段会怎样？子平术学习需要找到志同道合的易友，一起实战研究。大龙研究三十余载，欢迎交流学习。
8,2,8,2,8,8,6,12,2,坤辛丑辛丑辛未己亥,9,云海老弟是通过公众号看到我文章后加的我，也语音聊过几次，山东汉子，嗓门也大，以相学来讲，这种人不属于狡诈之辈。我们之前在同一个群，只是他知道我，我不知道他，因为刚进群，拿了月季军，其实那是别人一个养鱼群，我就被踢，没有深交。学易见过各种人，断不对就说假八字，假反馈，时辰不对的大师不少，正常我个人处理方法：求同存异。自己看不懂的八字，可以保留看法，不用硬套。坤：辛丑?辛丑?辛未?己亥（空戌亥）胎元：壬辰??命宫：辛卯大运：壬寅1?癸卯?甲辰?乙巳?丙午?丁未?戊申此造四土三金一水，土金成势，断对断错都正常。想假反馈，用这八字无疑风险很高，还是以先天命局为根，剖析命理。辛未日元生辛丑月，印星当令，月上透比。座下财库，年月辛丑冲未，开财库。比却库中透出的比却，也就是一大帮人为自己服务。三辛从丑中出，自己辛未，未中丁火可以暖局，也代表自己控制财官。时上己亥自合，亥伤官克官，己又合制，所以先天命局意在求官，断的厅级。一路东南运，土金都有生发，发贵发富，完全合理。大龙盲派秘传口诀，年支月同，破基荡祖，所以断出身普通。行官运发贵，行财运又有学历，这估计是怀疑假反馈的重要原因之一，易友们可以思考一下。子平术学习需要找到志同道合的易友，一起实战研究。大龙研究三十余载，欢迎交流学习。
2,10,7,5,2,10,8,6,1,乾乙酉庚辰乙酉辛巳,9,千万的二代比较多见，亿万的二代不多见，并且这盘不容易看，官杀重体弱，发富，各位老师可以研究。乾造：乙酉?庚辰?乙酉?辛巳（空午未）胎元：辛未??命宫：甲申大运：己卯10?戊寅?丁丑?丙子 乙亥乙酉日元生庚辰月，财当令月上透官，年上乙酉双乙合官，时上辛巳，伤官制杀。地支辰酉合，财生官杀旺。体弱官杀重，命局制化有情。问家境，学历？答：小富，本科以辰为财为父，官泄身太过，命中有巳生，行东方运，木生火旺必然发富贵，实际是亿万富翁二代。伤官制杀体弱，制住杀有学历，行东方运扶身。现在还在读书，断本科反馈是重本。子平术学习需要找到志同道合的易友，一起实战研究。大龙研究三十余载，欢迎交流学习。
10,10,1,3,1,3,3,3,1,乾癸酉甲寅甲寅丙寅,9,坤沙风光过，自封过总统。幼年丧母，1961年，开始建立大型武装。1967年，他控制了“金三角”70%的毒品生产和大部分贩运业务，因此，他曾得意地自称为“鸦片大王”。这个盘是他手下一个人，会命理拿到的一手盘，后面返回云南。乾造：癸酉?甲寅?甲寅?丙寅（空子丑）胎元：乙巳??命宫：乙丑大运：癸丑5?壬子?辛亥?庚戌?己酉?戊申?丁未?丙午甲寅日元生甲寅月，月上见禄透比劫，时上丙寅。禄生食旺，丙暗合辛合官，年上癸酉官见禄，有贵气。此造用食伤生财，不见财，只能用丙合辛为官。原生家庭虽是莱莫部落土司职位，但是没落。癸水生五个木，泄身太过，夭命，估计是戊寅年。职业：丙寅食座马，奔波走动象断武贵，实际是缅甸军阀。己酉年何事？甲寅年何事？答：牢狱，出狱。庚戌运己酉年，七杀透以命局酉为根克身，丙在戌为入墓，无力制杀，流年引动七杀易出问题。己酉年，天干双甲争合己财，财带官来，酉绝寅禄，牢狱。甲寅年，比劫助身，丙火长生制大运七杀，出狱。丙午运丁亥年去世，应了命书一句木不南奔。子平术学习需要找到志同道合的易友，一起实战研究。大龙研究三十余载，欢迎交流学习。
1,9,9,9,1,9,5,5,1,乾甲申壬申甲申戊辰,9,这是DK老师身边的人，一手八字，真正的亿元富二代，现在各群随便很多亿万富翁，真假不知，而有些盘按理是普通人，与富贵无缘。乾造：甲申?壬申?甲申?戊辰（空午未）胎元：癸亥??命宫：己巳大运：癸酉3?甲戌?乙亥?丙子甲申日元生甲申月，七杀当令月上透印，申年从年伏吟到日，杀重甲木绝地，妙在月上壬印从申中透现，化杀生身。忌财，时上戊辰财坏印，年上比劫助身制财，生化有情。问家境学历？答：富二代，留学。印为生身之本，喜印生身，印在月上化杀生身，必然是富贵之家。是富还是贵？印有财杂，水不清，浊富。学历看印，印座长生，一路北方运扶印，必然有学历。壬印座马星，后面必然留学。子平术学习需要找到志同道合的易友，一起实战研究。大龙研究三十余载，欢迎交流学习。
8,6,4,10,2,10,2,10,1,乾辛巳丁酉乙酉乙酉,9,这是正月初六在群里实断，25岁亿万富翁，一手八字。易友的表哥，真实可靠。古镇一嘴骗子吹牛的公开假算命，全是在它自己群里，用小号托，逼人假反馈的把戏。有看过古镇一嘴骗子在其它群公开算命？乾造：辛巳?丁酉?乙酉?乙酉（空午未）胎元：戊子??命宫：己亥大运：丙申5??乙未?甲午?癸巳?壬辰乙酉日元生丁酉月，七杀当令月上透食，七杀从月伏吟到日到时，七杀强旺。乙木虚透伏到时，月上食神丁火制杀，丁在酉上长生，年上辛巳，伤官制杀，丁火在巳上见根，食神有力，命中不见印，食伤清纯有情。断其富贵，上亿，家境富。反馈对。很多断普通，因为认为巳酉半会金局，这就是不入流的书房派。断祖业，看年柱，伤官制杀，一路南方运，食伤旺地，制尽七杀，必发富。反馈父是金属加工老板。当前甲午运，比劫生食神，丁火大运见禄，食神制杀有力，开十多家奶茶店，年入八百万。25岁年入八百万，难得一见的好盘。这里有巳酉半合金局，记住不要看巳酉就半合，合有合的条件，总不能见个女的就说怀孕。子平术学习需要找到志同道合的易友，一起实战研究。大龙研究三十余载，欢迎交流学习。
7,9,6,4,1,5,2,2,1,乾庚申己卯甲辰乙丑,9,在长期的预测实践中，我发现一个规律：普通人的命盘，反而很难。取用不定，这样行，那样也可以。喜金行金运，没什么大发展，只是表现在人生的顺利。富贵的命盘，格局清纯，喜印命局不见财，或者比劫能护印，大运一路扶印比。相对而言，富贵的盘，反而简单。今天看一群里实战，羊刃架杀，发亿万。乾造：庚申?己卯?甲辰?乙丑（空寅卯）胎元：庚午??命宫：戊子大运：庚辰2?辛巳?壬午?癸未?甲申甲辰日元生己卯月，羊刃当令月上透财，年上庚申，杀天地一气，时上乙丑，乙庚合，羊刃架杀。甲己合财，自座印库通根，日元强旺。合财合官，财官越强，财富越大。层次？A?无业游民，光棍B?亿万富翁C?富人小区，保安队长D?处级干部初运南方，食伤泄秀，读书必然成功，本科至少。AC排除。是富还是贵？这细微之处，是真功夫。天干甲己合，乙庚合，一合财，一合官。乙从卯从辰中出，如只从辰中出，可以代表自己，现在从卯中出，必然代表别人。甲己合实际代表的是命主本人的想法，求财，所以发富亿万。对此盘有思考，不同思路，欢迎在评论区交流。子平术学习需要找到志同道合的易友，一起实战研究。大龙研究三十余载，欢迎交流学习。
10,12,7,9,1,11,1,11,1,乾癸亥庚申甲戌甲戌,9,此造是朱老师的儿子八字，朱老师是专业命理师，实战经验丰富，与我之前在多个群里参断八字，彼此对双方的命理水平都很了解，朱老师年事高，后面不打擂，我们联系就少了。2020年，朱老师爱子心切，让我帮看下其子何年升正厅。结合八字，断了其祖坟，反馈对。以八字来看，壬寅年升正厅，可能性很大。期间多次跟进过，后面也忘记此事，近日想起，问到反馈，壬寅年丑月其子升了正厅。八字命理，遇到高手就是科学，遇到骗子就是迷信。乾：癸亥?庚申?甲戌?甲戌（空申酉）胎元：辛亥?命宫：辛亥大运：己未2?戊午?丁 巳丙辰?乙卯?甲寅?癸丑甲戌日元生庚申月，杀星当令，月上透庚，庚申是白虎，喜年上印化杀。甲戌伏吟到时，时上甲木助身，忌财坏印，财不旺，自己克财，月上申杀化财生印。更妙者，胎元，命宫都是辛亥，自己长生，印星得地，的确是大富大贵之造。37岁已经是副厅级，前途不可限量。丙辰运，问何年升正厅？大运丙辰，食神生财，财生杀。食神制杀，原命以印化杀，所以印透去食最好。支财生杀为忌，以比劫去财为喜。对照流年，壬寅年最是合适。前几日朱老师找我，了解一些情况。没想到有人那他儿子八字找到他，说是交流一下。我估计是看到我公众号文章，刚好认出是朱老师头象，于是找朱老师求证八字的准确性。另外还有易友私下与我交流，发了这个八字，认为是假反馈。83年的正厅，前途不可限量，是不是真的八字，真反馈，我心知肚明。说实话，我自己遇到这种人，也不会解释，也不会争辩。看不出来正厅，说明命理水平不够，到处怀疑别人，说明品德修养不足，与此种人多讲一句，只会显得自己无知。也很感谢这位易友，从另一个维度证明，大龙一直踏踏实实的学习命理，研究命理，并且有一定的命理素养。子平术学习需要找到志同道合的易友，一起实战研究。大龙研究三十余载，欢迎交流学习。
4,2,3,7,9,7,3,7,1,乾丁丑丙午壬午丙午,9,我朋友圈3000多易学好友，各类命理案例很多，互动很少。很案例都是易友们的得意作品，甚至命理心得分析。有些我有不同观点，不是很熟不方便深入探讨，所以一般很少交流，多数点个赞。今天这个案例，很偏枯6个财星弃命从财格，所以交流一下。这是第二例从朋友圈看到的案例，发到公众号。易友的个人信息打码，我未问过别人，但是没有任何个人信息，不会给易友造成困扰。之前朋友圈发过来的案例与大富案例如下，有兴趣可以参考：乾造：丁丑?丙午?壬午?丙午（空申酉）胎元：丁酉??命宫：乙巳大运：乙巳1?甲辰?癸卯?壬寅?辛丑?庚子?己亥壬午日元生丙午月，财星当令月上透财，时上丙午，年上透丁，丁壬合财，天干财星成势。地支三午一丑，午穿丑，丑中癸辛坏，日元只能弃命从财。这是典型的从财格?“?日主极弱无依，弃命从财?”，即命主自身力量衰微至极，无法承担财星的消耗，只能顺应其势，方能成就富贵之格。主要点在于1，日柱弱，无根无扶无印。2，财星当令，命局中最强五行，成局成势，满盘是财。3，财星透干，支藏干透，气势冲天。命局比劫虚透，或者有印星，这些忌神在大运流年引动，必在大破，所以从财格偏枯，绝大多数不能善终。家境，年上丁丑，丁在丑湿土被泄，破旺财之气，断普通，反馈普通。学历，早年行东南运，食伤透生财，本科，反馈是本科。弃命从财入赘合理，午当令从月伏吟到日时，壬午自合，午是老婆，财重断大几千万，反馈有，按现在运势，上亿没有问题。命局从财格完好，是可以发巨富，而且取财容易，好命。不过如忌神伏藏，人生会大起大落，甚至一无所有。子平术学习需要找到志同道合的易友，一起实战研究。
3,7,2,8,3,1,7,3,1,乾丙午乙未丙子庚寅,9,这是后来看到的反馈，比较特殊，人生波动大，好的时候一年可以发2亿，不好的时候，一年可以破财一亿，连续三年破财3亿。这种案例很有价值，发出来大家学习。同样伤官配印，可以发贵，可以发财，其中组合配置很关键。伤官配印?是指:日主身弱而伤官旺强，配印星生助日主同时克制伤官。印星代表修养，克制，规则来驾驭伤官的才华与另类锋芒，实现?德才兼备，达到平衡。核心成格条件：1、???日主身弱?：日主身弱但不从，见比劫最好。2、伤官旺强?：伤官要当令强旺，月令或成局成势，代表才华与能量充沛。印星有根?：印星必须有根，见财财有制不能坏印。人生起落案例：财坏印，五千万大火烧尽先破财400万再赚600万，地支双冲大起大落五百万投资亏损，断后三年的反馈女带伤官福不全，夫亡子亡发千万从财格发财亿万富翁，大运流年生扶溺水亡。女车模不堪回首嫁老富，二柱算命盲派象法乾造：丙午?乙未?丙子?庚寅（空申酉）胎元：丙戌??命宫：丙申大运：丙申9?丁酉?戊戌?己亥?庚子?辛丑?壬寅?癸卯丙子日元生乙未月，伤官当令月上透印，天干乙庚合财来坏印，年上丙午比劫克财，印有救应。地支午未合生，伤官太强，必然盗泄日元，丙在子上一阳初生，弱而喜扶。喜印而时上见寅，格局清纯，寅午半会，比劫分印，终有得失。己亥运己土伤官，被亥中寅木克制，己在亥死绝之地，伤官被制发富。丁亥年，寅亥合，杀印相生，印强制伤官发2亿。年上丙午，比劫克财分印，而印是富贵。癸巳甲午乙未，年上比劫受扶，化印生伤官，每年破财一亿。伤官配印，可以发贵可以发富，为什么这盘无贵？有兴趣的可以留言，有个四五人讨论，我可以讲讲个人看法。子平术学习需要找到志同道合的易友，一起实战研究。大龙研究三十余载，欢迎交流学习。
7,11,2,10,3,9,9,5,1,乾庚戌乙酉丙申壬辰,9,这是群友发出来的一手盘，因群友母亲与盘主小三之间的矛盾，当然具体的细节，群友不会讲，我们不知道，从命主语气来看，不可调和已经举报盘主，想看看结果会怎样。群友是命主手下的手下，命主是县级市的组织部长几千万身家，各方面的能量超出一般人想象，我劝群友要三思。人在冲动时，肯定很难心平气和的沉下来思考，一着不慎，反陷深渊。整理出贵的案例：39岁壬寅升正厅，四年后命主父亲反馈合官得官正处，五千万厅级伤官配印，几群无断对，到处讲假反馈文化馆科长官印相生，几群无断对乾造：庚戌?乙酉?丙申?壬辰（空辰巳）胎元：丙子??命宫：己卯大运：丙戌10?丁亥?戊子?己丑?庚寅?辛卯?壬辰?癸巳丙申日元生乙酉月，财星当令月上透印，天干乙庚合，财坏印生杀克身。地支两土两财，食神生财盗泄日元精元，整个命局只能弃命从财制印得权。弃命从财，体越弱，财越旺，制印的效果越好，权力越大。他一路行北方运，往东方运走，特别是己丑运，伤官泄身生财，仕途大好。庚寅运印来生身本是忌，好在大运透财，原局财重，可以制印不算破局。断庚子辛丑升组织部长，实际是壬寅年，官透的流年。丙午比劫克财肯定不利，但不会破局，被人投诉。此局最重要的财，大运克了财会有牢狱，不知命不知进退，群里有人讲可以搞部长，群里大师太多，不知信谁。子平术学习需要找到志同道合的易友，一起实战研究。大龙研究三十余载，欢迎交流学习。
