天干1,地支1,天干2,地支2,天干3,地支3,天干4,地支4,性别,合并,得分,评语
9,11,3,7,2,10,4,2,1,乾壬戌丙午乙酉丁丑,未评分,"元亨利贞论坛&nbsp;——&nbsp;简批实例集&nbsp;&nbsp;之十_般若易_新浪博客
元亨利贞论坛 —— 简批实例集  之十
        
            2010-02-09 06:19阅读：
        
        
        
       
        
        
        
        
http://blog.sina.cn/dpool/blog/u/1640450075
        
        
        
        
        
        
            
        
                        　出生地：贵州　

公历：1986年10月14日23时37分　　农历：丙寅年[炉中火]九月十一日

乾造：　　丙　　　　 戊　　　　 壬　　　　 庚　　　　 (午未空)　

　　　　　寅　　　　 戌　　　　 辰　　　　 子　　

大运：己亥　　庚子　　辛丑　　壬寅　　癸卯　　甲辰　　乙巳　　丙午　　　

　　　 8岁　　18岁　　28岁　　38岁　　48岁　　58岁　　68岁　　78岁　　

始于：1994　　2004　　2014　　2024　　2034　　2044　　2054　　2064　　


般若易预测与命主反馈:

贵造大专学历。做技术类工作的，不然则是管理。   [
大专对的。技术工作。]
08年毕业的。08年找到的工作还不错，今年有点调整，花费多。 
   
[08年毕业。移动公司打工没前途。]
07年感情矛盾大，易分手。08年感情不利，有朋友则会分手。09年又有新朋友。
     [07
08感情都不顺，08下半年找到的新女友。]
女人缘挺不错的，长得也帅，家庭条件也好。 
  
[她还在读书人缘马马虎虎，样子还行，家庭条件不怎么，父母下岗。]
父母应该都是公职。父亲是公检法类的，官职不低处级。
 [ 
父母均是公职，父亲没有达到处级。开始是公检法的，后来因为那个年代司法局工资太低换单位了。]
今年令堂身体不好，应是血压、筋骨、泌尿系的疾病。
            
    
    
    
    [这个倒没出现什么大问题。]

令尊则是胃、心脏、肾不是很好。     
[ 我知道他胃不好，不能喝酒。]

出生地：江苏无锡

公历：1985年1月29日12时30分　　农历：甲子年[海中金]十二月初九日

坤造：　　甲　　　　 丁　　　　 戊　　　　 戊　　　　 (戌亥空)　

　　　　　子　　　　 丑　　　　 辰　　　　 午　　

大运：丙子　　乙亥　　甲戌　　癸酉　　壬申　　辛未　　庚午　　己巳　　　

　　　 9岁　　19岁　　29岁　　39岁　　49岁　　59岁　　69岁　　79岁　　

始于：1993　　2003　　2013　　2023　　2033　　2043　　2053　　2063　　　

般若易预测与命主反馈:

贵造大专学历，设计类文职工作的。 是滴，全日制大专，后来自己读个本科，确实从事文职工作
应是06年工作的。工作稳定，私人企业。工作不错，07年跟今年有小调整，今年去年不是很顺心。
      
06年中旬先是在私企实习，年底就到了一个500强公司工作至今。因为感情的事情这两年确实不顺心

感情上06年分一个，07、08年总算交朋友也是短暂的。08年下半年有一个，今年得分。  
 这两年交的朋友都是短暂的，08年下半年那个，09年初就分了
长得不错，比较多愁善感的女孩子。
 长得还算清秀，太~~~多愁善感了
父亲注意肾、心脏、血压。母亲注意筋骨、胃、血压、泌尿系疾病。
    父亲前段时间腰扭了，母亲筋骨是不好





公历出生时间：1982年07月01日02时10分  
农历出生时间：一九八二年 五月 十一日 丑时

乾造：壬戌    丙午   乙酉  
 丁丑  ——》年空：子丑  日空：午未

大运:丁未  戊申  己酉  丙戌

02    12   22  
 32

始于：1984　1994　2004　2014　　

般若易预测与命主反馈:

贵造学历不高，高中、中专。做技术、设计类工作的。在大型公司或国企类的。  （中专，做技术，原在不错的公司做了6年，07年底出来了0809财年很背）
工作比较稳定，07年得财、花费多。08年得财破财，工作上有调整。09年不顺心，花费大。
  （07是有钱的，08下半年开始变差，09简直就是地狱。未婚）
未婚。

07年有感情，留到08年是得分手的。去年底或今年新交了一个。  （08谈了一个2个月，今年新交一个3个月也结束了。）
贵造04年后令尊身体不是很好。是心脏、筋骨类的。
 （我在外地工作，对父亲情况不十分清楚，脾胃
一直不好，近年筋骨可能也差点）





公历：1959年2月1日7时19分　　农历：戊戌年[平地木]十二月廿四日

乾造：　　戊　　　　 乙　　　　 甲　　　　 戊　　　　 (子丑空)　

　　　　　戌　　　　 丑　　　　 寅　　　　 辰　

大运：丙寅　　丁卯　　戊辰　　己巳　　庚午　　辛未　　壬申　　癸酉　　　

　　　 2岁　　12岁　　22岁　　32岁　　42岁　　52岁　　62岁　　72岁　　

始于：1960　　1970　　1980　　1990　　2000　　2010　　2020　　2030　

般若易预测与命主反馈:

大叔：过了大半辈子了，总结起来人生还算精彩，富贵来了又走走了又来。  （富贵谈不上 有好有孬，年轻的时候能取个国企，那相当于现在当个公务员
甚至更好）
大叔是做设计技术的，应该是位工程师；有文凭。  （工程师 搞测量的
但是文凭不高，高中吧）
吃过国家饭，端过私人企业的碗，应是私人的碗端得比较久。 
（国企 一直 估计退休了
可能搞点私人的去）
孩子应是先女后男，两个。现在是有出息了；都有学历，应都能进公职或国企。 
 （小女 本来让她进国企 小孩不听话，呆了一年，小儿还在读书
慢慢来吧）
婚姻是人生的败笔，95年到99年，不是离婚，则是老婆有意外之灾。  
（是的 98年 ）
年轻的阳光、风浪后，现在是得以享受清福了。
 （晚运比较好些 否极泰来）

断错了，请大叔勿怪！   没错没错
小兄弟技艺高超





公历：1984年1月22日8时9分　　农历：癸亥年[大海水]十二月二十日

坤造：　　癸　　　　 乙　　　　 乙　　　　 庚　　　　 (子丑空)　

　　　　　亥　　　　 丑　　　　 卯　　　　 辰　　

大运：丙寅　　丁卯　　戊辰　　己巳　　庚午　　辛未　　壬申　　癸酉　　　

　　　 5岁　　15岁　　25岁　　35岁　　45岁　　55岁　　65岁　　75岁　　

始于：1988　　1998　　2008　　2018　　2028　　2038　　2048　　2058　

般若易预测与命主反馈:

贵造大专学历，做文职、财务类工作的。 （我做设计工作的
本科）
07年工作有调整。08年工作有变动。今年也有变动。 （是的啊 工作）

感情上，未婚。 （恩
是的）
07年感情分手，08年短暂，09年有感情。 （呵呵
是的）
贵在声音应该有些低沉，有破相，早年奶水不足。  （对低沉，但是没破相）





出生地：天津　

公历：1980年4月28日4时30分　　农历：庚申年[石榴木]三月十四日

乾造：　　庚　　　　 庚　　　　 辛　　　　 庚　　　　 (戌亥空)　

　　　　　申　　　　 辰　　　　 未　　　　 寅　　　

大运：辛巳　　壬午　　癸未　　甲申　　乙酉　　丙戌　　丁亥　　戊子　　　

　　　 2岁　　12岁　　22岁　　32岁　　42岁　　52岁　　62岁　　72岁　　

般若易:

1、贵造八字格局很高，应是研究生以上的学历。做策划、管理类工作的。进的都是大型公司或国企。

   回复： 谢谢大师，
加拿大，香港大学双硕士，注册会计师，全球注册金融分析师，目前在国内某大型金融机构做投资工作
2、07年工作有提升，有调整。08年换工作，新工作是提高一个档次。09年工作走动多，有小调整。这几年花费多。未婚。


   回复：
07年工作和财运都有提升，08年换工作，虽然是联合国驻华机构，但是老板人很坏，无耻，害人，09年让我提前识破，在合同到期前到找一家新的公司。09年走动多，这几年没买房，花费还可以，不算太多，存款一直在增加，未婚。

 3、07年有感情，08年分手。09年也有感情，但是矛盾多或是异地。

   回复：
已经三年单身了，没有谈感情，这几年一直把精力放在提高专业技能，考资格证书和工作
4、贵造母亲能力很好，父母都是公职类的。


    回复：
我妈脑子挺聪明的，但是我爸能力更强，是知名大学教授，博士生导师。




本文内全部命例均来自《元亨利贞》论坛本人的真实预测。



http://bbs.china95.net/viewthread.php?tid=389112&extra=&page=1

        
        举报/Report
    

    
    
     
                
        
         
         
            

        
        
        
        
        
       
        
        
               
       
      
       
       

        
            
分享
            
                .bl_share .share_lst li a {
                    display: block;
                }
            
            
                
我的博客
                
微博
                
微信
                
朋友圈
            
        
        
       
                
            
                
                
            
            
        
                
        
        
            
                
                
                
                    
                        N同时转发到微博
                    发送"
2,6,6,4,1,11,7,7,1,乾乙巳己卯甲戌庚午,未评分,"破财的八字命例集1_襄阳金笑易_新浪博客
乾：乙巳
 己卯  
甲戌   庚午，5岁运），李唯弘老师断他朋友2010年因朋友、同事、同学之事破大财、有官司纠纷。听到这里，这位老板说：“我实际是来找李老师策划投标的事，先考察下老师的水平，请见谅！您说的对，我这位朋友2010年5月因一生意客户人员坐他的小车在一路段出事被甩出，客户当场死亡，他自己没有受伤，但被警方控制，最后赔偿50万才了断，李老师您的水平高！”随后欣然请李老师为其策划。


　　　下面是李老师对以上八字的分析：

　　　出生日期：一九六五年二月十九日午时（阳历：1965年3月21日午时）

　　　男命阴年生逆排，距卯月令始为5岁1个月15天，即1970年5月6日起运。

　　　　　乾造：乙己甲庚

　　　　　　　　巳卯戌午

　　　　　　 大运：戊寅丁丑丙子乙亥甲戌癸酉


　　　年龄：5周岁 15周岁25周岁35周岁45周岁55周岁

　　　公元：1970年1980年1990年2000年2010年2020年

　　　 命主身旺，劫财当令，喜七杀制身，七杀有财生，可以为官或老板，实际是个老板，资产百万，2010年5月交甲戌运，庚寅年，七杀临，甲得禄，身旺不服杀制，易有灾。实际5月因一客户坐自己小车在拐弯时被甩出，当场死亡，自己被警方控制，最后赔偿50万才了断。




例3假从财官帮身之年破财百万

李唯弘/文

　　　前几日一对夫妻来到林之森信息咨询中心，慕名要求笔者为其夫妻预测人生，排出夫妻八字，断男士1997年人生好的变化，反馈当兵；断2000年工作提升且好的变化，反馈调到另一城市部队；断2003年结婚，妻子有内助之力，且给自己带来钱财，反馈正确；断生儿子，反馈正确；断2009年提职，反馈正确；断从2011年4月起就不利公职，要从事自由职业，且2010、2011年有是非纠纷官司，特别是2011年工作有不好的变动，官司纠纷更明显，否则破大财或两院之灾，先命主不置可否；再看女士八字，断2010年口舌是非，夫妻关系不协调，2011年破大财，这时夫妻才反馈正确，实际因为丈夫纠纷官司破财100万。


　　　男士出生日期：一九七九年八月初五日辰时（阳历：1979年9月25日辰时）

　　　男命阴年生逆排，距酉月令始为5岁6个月28天，即1985年4月23日起运。

　　　乾造：己癸乙庚

　　　地支：未酉未辰

　　　 大运：壬申辛未庚午己巳戊辰丁卯

　　　年龄：6周岁 16周岁26周岁36周岁46周岁56周岁

　　　公元：1985年1995年2005年2015年2025年2035年

　　　命主乙木生酉月，辛金当令，不旺，虽然在未中有余气，在辰中有中气，但辰空，月干有癸枭神生日主，但有年己财紧克，乙只有从命局旺势财官；天干透正官，适合当兵或公检法工作，实际当兵，但官坐空亡，虚职，实际是士官（非军官）；妻宫坐财，财为用神，妻子有内助之力，且给自己带来钱财，实际是做生意的好手，开公司发财；杀在前，先生儿子，实际现在有一个儿子（独生子女）；


　　　运：辛未，年：丁丑，丑未冲动，且为用，当兵；

　　　运：辛未，年：庚辰，庚辰填实，且为用，调动好的单位部队；

　　　运：辛未，年：癸未，妻宫临，结婚；

　　　运：庚午，年：己丑，丑未冲，己克癸，用神到位，提职；

　　　运：庚午，年：庚寅，庚官填实，调到一实惠的岗位；但2010年4月交午运，克官，不适合公职，就是因为这个公职埋下了隐患；

　　　运：庚午，年：辛卯，卯酉冲，辛生枭，卯未半合克动命局，卯为忌，杀临，官杀混杂，是非纠纷官司难免，卯为同类，是因为朋友的事，实际是陪朋友出去玩，与别人起纷爭，惹来官司，最后是妻子拿100万才把事情摆平；


　　　女士出生日期：一九八○年正月初一日酉时（阳历：1980年2月16日酉时）

　　　女命阳年生逆排，距寅月令始为3岁10个月27天，即1984年1月13日起运。

　　　

例4制药厂华中总代理运去英雄不自由

笔者李唯弘在工作中遇到的一个原东北某制药集团驻华中总代理，经受了大起大落，现就其八字与大家分享。


　　　 出生日期： 一九六三年十月廿七日辰时（阳历：1963年12月12日辰时）

　　　男命阴年生逆排，距子月令始为1岁2个月，即1965年2月12日起运。

　　　乾：癸甲己戊

　　　支：卯子丑辰

 　　　大运: 
癸亥壬戌&#5885
        
        举报/Report
    

    
    
     
                
        
         
         
            

        
        
        
        
        
       
        
        
               
       
      
       
       

        
            
分享
            
                .bl_share .share_lst li a {
                    display: block;
                }
            
            
                
我的博客
                
微博
                
微信
                
朋友圈
            
        
        
       
                
            
                
                
            
            2
        
                
        
        
            
                
                
                
                    
                        N同时转发到微博
                    发送"
2,4,3,11,2,4,5,3,2,坤乙卯丙戌乙卯戊寅,未评分,"6249032353 Mon Aug 03 21:05:18 +0800 2026
学八字超话 同样亿万富婆的命局，豆包只会马后炮，，deepseek就靠谱多了，， 

庚寅，辛卯20年发财，， 

“双卯夹一戌，不是寡妇也孤独”，非常符合命主的婚姻现状，，

“丙坐戌，明中暗”，也非常符合命主的性格，

“拱贵拱禄，暗里成名”，也非常符合她的状态，

表面看起来，非常朴素，为人 ​​​ ...展开
【图片OCR】
20:51
5A.
返回
出生时间：阳历1975年11月5日3时1分
出生时间：农历1975年十月初三，寅时
出生于寒露后第27日【节气】
[模式]
坤造:
大溪水
屋上土
大溪水
城头士
比肩
伤官
正财
日干
[紫微]
[子丑空]
乙比肩
戊正财
乙比肩
甲劫财
[字体]
辛七杀
丙伤官
丁食神
戊正财
[收藏]
[展开]
胎元：丁丑(涧下水)
命宫：庚辰(白蜡金)
[设置]
身宫：己丑（霹雾火）
司令：戊(真诠)
[设置]
年柱：禄神福星金匮
月柱：月德天德元辰地扫
[查询]
日柱：禄神福星金匮八专
时柱：阳刃病符亡神扫铁床
约1年1个月后上运
[设置]
即每逢丙年立冬后第27日交脱大运，当前：辛卯
病衰帝
壮官前
屋上土
霹雳火
霹雳火
松柏木
松柏木
长流水
食神
正财
偏财
正官
七杀
正印
丁亥
庚寅
辛卯
戊子
22
32
12
42
75
1976
1996
2006
1986
2016
2026
丙辰
丙寅
丙子
丙戌
丙申
丙午
丁卯
丁亥
丁巳
丁丑
丁酉
丁未
戊午
戊辰
戊寅
戊子
戊戌
戊申
己丑
己亥
己酉
庚午
庚寅
庚子
庚申
庚辰
辛酉
辛未
辛已
辛卯
辛丑
辛亥
壬申
壬午
王辰
王寅
壬子
癸亥
癸酉
癸未
癸巳
癸卯
癸丑
甲午
甲戌
甲申
甲辰
甲寅
乙丑
乙亥
乙未
乙酉
乙卯
@考磐国学
21:02
5Al 494
盲人八字断命解析
快速模式
坤造：乙卯，丙戌，乙卯，戊寅，
大运：丁亥，戊子，己丑，庚寅，辛卯，
王辰,
不要旺衰分析，用江湖盲人的方法分析
好的，我按江湖盲人“诀法”的路子，不看旺衰、
不数五行个数，直接抓象、找组合、断吉。
一、八字排盘
坤造：乙卯丙戌乙卯戊寅
大运：丁亥戊子己丑庚寅辛卯王辰（约6岁起
运)
二、口直断
1.双卯夹戌，门前有井
年、日两个乙卯，像两扇门，戌在中间是“财
库”，也是“火库”。盲人诀讲“双卯夹一戌，不是
寡妇也孤独”一一指感情上容易有隔阅，或丈
不在身边。实际断事时，会直断：婚姻晚，或配
发消息或按住说话
&深度思考
④智能搜索
@考磐国学
21:02
5Al 494
盲人八字断命解析
快速模式
二、口决直断
1.双卵夹戌，门前有井
年、日两个乙卯，像两扇门，戌在中间是“财
库”，也是“火库”。盲人诀讲“双卯夹一戌，不是
寡妇也孤独”一一指感情上容易有隔阅，或丈夫常
不在身边。实际断事时，会直断：婚姻晚，或配
夫年龄偏大，否则易有二婚象。
2.丙火透干，戌为灯盏
丙火坐戌，戌为“灯台”，乙木是花草，丙火照
花，主外貌清秀、口才好、有文艺缘。但丙在戌
为“墓库之光”，诀云“丙坐戌，明中暗”，指表面
开朗，内心多忧，遇事爱钻牛角尖。
3.时柱戊寅，脚踏财山
戊士正财坐寅木劫财，是“财被虎町”。盲人诀：
“寅中藏甲戊丙，财星带刃”，断钱来钱去，存不
住，尤其44岁前（庚寅运前），赚得多也花得
猛，且容易因朋友、兄弟破财。
4.月柱丙戌，时柱戊寅，暗拱午火
戌与寅中间拱出一个“午”（三合火局）。午是桃
花，也是食神之禄，诀日“拱禄拱贵，暗里成名
一中年后（庚寅、辛卯运）有意外名声或偏财
机遇，但午火冲日支卯（桃花冲夫妻宫），5（、
前后要注意感情风波或桃色是非，
发消息或按住说话
& 深度思考
④智能搜索
@考磐国学
21:03
5Al 494
盲人八字断命解析
快速模式
三、大运粗断
早年丁亥（6-16岁）：“丁火食神，亥水印
星”，断读书聪明，但体质偏弱，容易感冒或肠
胃不适。
中年庚寅
（36-46岁）：庚金劈乙木，寅木助
身，诀云“官星合身，贵人提携”，此运事业有
转机，但庚是“硬官”，容易遇严厉上司，压力
大，收入反比之前稳定。
晚年辛卯（46-56岁）：辛金七杀坐禄，诀“杀
来就我，权柄在握”，断自己当老板或管人，
但卯木伏吟，注意肝火旺、失眠，且子女缘薄
(子女多在外地）。
四、流年（2026丙午年）
流年丙午，与月柱丙戌、时柱寅木，合成“寅午
戌”火局。
盲人诀：“三合火局，烧干乙木”
一今年火旺
心急，易有口舌是非，尤其农历五月、九月，
注意文档合同出错。
发消息或按住说话
&深度思考
④智能搜索
@考磐国学"
9,1,9,1,7,5,4,2,2,坤壬子壬子庚辰丁丑,未评分,"6249032353 Mon Aug 03 22:16:21 +0800 2026
学八字超话 最新版的deepseek还是比较靠谱的，

前提是:一定告知它不要旺衰分析，以江湖盲人的方法分析命局，，

这个局古书上记载过一个同八字的人是京城名妓，好像叫“塞金枝”

遇到一个现代的，是个具有高级职称的老师，

很奇怪戊申己酉大运的断语“土重埋金，反得官星”，

确实是这两部大运 ​​​ ...展开
【图片OCR】
21:37
58
返回
出生时间：阳历1972年12月15日1时1分
出生时间：农历1972年十一月初十，丑时
出生于大雪后第8日【节气]
[模式]
坤造:
桑柘木
白蜡金
桑柘木
涧下水
食神
食神
正官
日干
[紫微]
[申酉空]
癸伤官
癸伤官
戊偏印
己正印
[字体]
乙正财
#伤官
癸伤官
劫财
[收藏]
[展开]
胎元：癸卯(金箔金）
命宫：甲辰（佛灯火）
[设置]
身宫：王寅(金箔金)
司令：王(真诠
[设置]
年柱：月德金红艳
月柱：月德金匮红艳
[查询]
日柱：福星国印华盖披头十恶大败魁罡
其他：隔婚驳婚
约2年6个月零23日后上运
【设置]
即每逢乙年小暑后第1日交脱大运,当前：丙午
病衰帝
桑柘木
大驿土
大驿土
天河水
天河
食神
比肩
劫财
正官
正印
运前
辛亥
庚戌
丁未
戊申
己酉
24
34
14
44
54
1972
1975
1985
1995
2005
2015
202
乙卯
乙亥
壬子
乙丑
乙酉
乙未
癸丑
丙辰
丙寅
丙子
丙戌
丙申
甲寅
丁巳
丁卯
丁亥
丁酉
戊午
戊寅
戊辰
戊子
戊戌
己未
己亥
庚午
庚申
庚辰
庚寅
庚子
辛酉
辛未
辛卯
辛丑
壬午
壬寅
壬辰
癸亥
癸酉
癸未
癸卯
癸王
甲子
甲戌
甲午
甲申
甲辰
@考馨国学
22:26
52·0
盲人八字断命解析
快速模式
盲人综合断语
（直读象，不数数）
“双王临子水滔天，庚辰坐底作龙渊。
丁丑一点残灯在，君臣合处晚来全。
一、命局总纲
一一水底藏金，灯映乾坤
此八字，年、月两柱壬子，水势汪洋，日柱庚辰
是“白龙入海”，时柱丁丑是“寒夜孤灯”。盲人一
见，不看作“水多火弱”，而看作“水养金、火照
水”——整局像一幅画：
水为江湖
（王子）一一主一生流动，心性开
阔，但情路多波。
金为龙骨
（庚辰）一一主骨骼硬朗，意志坚
韧，能扛大事。
火为灯塔 (丁丑)
一主晚年有明路，且贵人
在远方、暗处。
诀日：“江湖有龙，灯塔不灭，此命非池中物。
发消息或按住说话
& 深度思考
④智能搜索
@考磐国学
21:47
57·0
盲人八字断命解析
快速模式
坤造:王子，壬子，庚辰，丁丑
大运：辛亥，庚戌，己酉，戊申，丁未，
不要旺衰分析，用江湖盲人的方法分析
一下
好的，按江湖盲人“像法+诀法”的路子，不看旺
衰、不数五行，直接抓象开口。
一、八字排盘
坤造：壬子壬子庚辰丁丑
大运：辛亥庚成己酉戊申丁未（约3岁起运）
二、口决直断
(开口第一句)
1.双王坐子，水漫金山
年、月两柱都是王子，盲人一见便道：“双龙戏
水，一生漂泊”一一不是指居无定所，而是心性
不定，想法多变，早年离家发展方成。水多无土
制（辰丑为湿土，不拦水），断16岁前搬过三
家。
发消息或按住说话
&深度思考
④智能搜索
@考磐国学
21:47
5Al 57.0
盲人八字断命解析
快速模式
·辛亥运（3-13岁）：辛金劫财，亥水又添波
涛。断童年家境一般，但读书成绩中上，尤其
文科好，数学易粗心。注意7岁、11岁两年有
落水或烫伤之险。
·庚戌运（13-23岁）：庚金帮身，戌土燥土筑
堤。诀云“庚戌相逢，鲤鱼跳龙门”一
一断此运
有升学、考证之喜，尤其18岁
（壬申年）前
后有重要转折。但戌与丑相刑，断同学关系不
和，易被孤立。
己酉、戊申运（23-43岁）：此二十年土金相
生，是人生黄金期。盲人：“土重埋金，反
得官星”—一断事业先难后易，30岁后渐入佳
境，尤其金融、教育、水利行业最利。但戊申
运（33-43岁）申子辰合水局，断此运有一次
大的投资或移民动向，宜静不宜动。
丁未运（43-53岁）：丁火透出，未为木库。
诀日“丁未入局，晚霞满天”一一断晚年财运反
超中年，但未土穿子水，注意53岁前后有心血
管或妇科隐患
四、流年（2026丙午年）
发消息或按住说话
&深度思考
④智能搜索
@考磐国学"
2,2,5,3,2,12,8,6,2,坤乙丑戊寅乙亥辛巳,未评分,"论坛八字&nbsp;——&nbsp;两例职业篇（含命主真实反馈）_般若易_新浪博客
论坛八字 —— 两例职业篇（含命主真实反馈）
        
            2009-12-05 10:46阅读：
        
        
        
       
        
        
        
        
http://blog.sina.cn/dpool/blog/u/1640450075
        
        
        
        
        
        
            
        
                        坤造：乙丑　戊寅
乙亥　辛巳 (申酉空)

大运：己卯　　庚辰　　辛巳　　壬午　　
　　　10岁　 20岁　 30岁　　40岁　
始于：1994　　2004　　2014　　        
    
    
    
    2024　



预测与反馈：

贵造应该是国企类或者大型企业工作的（一点没错，国企）。大专学历（是的）。
职位是文职管理类的(若不是,则是技术、设计类的)，07年工作变动。（刚开始是技术类，因为学的是ＩＴ，但是其实自己也不喜欢也不是很在行，０７年换了工作岗位），老师说的很准．


分析：

《玉照定真经》里有个决很适合解析此八字工作“亥入寅宫，滋养他人。”，命主是国企的，不就是滋养他人吗？


其实《玉照》也是一本很好的教材，有人认为是盲派而来，我认为是对的。《三命通会》是“亥入寅宫，福浅。”也是对的。


大运走卯运正是读书考学之年，比肩合印；无心上学，故是大专。


庚运，07年丁亥流年，丁冲动辛金，亥冲巳，故从技术换成别的，应该是文职类的。






男命：癸丑   
癸亥    甲戌
   
甲戌

大运： 癸亥
 
壬戌 
 辛酉   庚申
 
岁数： 0-8岁   9岁
 
19岁 
 29岁 

交运： 1973   1982   1992 
 2002  

贵造是在事业单位还是国企呢？（正确。电业局工作）
今年的春季升职了。（正确。今年3月13日提小部门副职）

        
        举报/Report
    

    
    
     
                
        
         
         
            

        
        
        
        
        
       
        
        
               
       
      
       
       

        
            
分享
            
                .bl_share .share_lst li a {
                    display: block;
                }
            
            
                
我的博客
                
微博
                
微信
                
朋友圈
            
        
        
       
                
            
                
                
            
            
        
                
        
        
            
                
                
                
                    
                        N同时转发到微博
                    发送"
10,2,6,8,1,1,10,10,1,乾癸丑己未甲子癸酉,未评分,"小偷骗子的八字命例集（1）_襄阳金笑易_新浪博客
乾：癸丑、己未、甲子、癸酉

6.8戊午、17丁巳、27丙辰、37乙卯、47甲寅、57癸丑、67壬子、77辛亥

他姥姥（外祖母） 是当地当时很有名的一个双枪老太婆，个子小小，生了10个子女，担任妇联主任很多年、当地县志都有记载。这个老太太
战争年代，救过共党4个部级高官的性命，解放后
高官屡次要请他姥姥出去生活，都不去，90年代才去世，享年90多。当时
也有命理师给他姥姥算命，说本来只有50多的寿，但就是因为救人积了大德，才会有90多的。

他爸 是原来十堰水务局的一个小官、他哥 现在子承父业
也在水务局任一小官

1994--1996年，在北师大上学，和我同学、上学那会儿，就在外边搞了一个在桑拿按摩的技师，大他两岁，上了两年，就有1年半都是这个女的养活他，那会儿
每月给他1500元

他说他上初中时候就开始搞班里的女人、16岁就不是处男了

此造之前 1996-2006年、此人那十年
主要靠经营歌厅、桑拿，养小姐，组织卖淫赚钱 ，此人 从1996年开始，靠养小姐、做鸡头，开歌厅、桑拿赚了点钱

2002年冬 在北京结婚
娶了一个小她1岁
属虎的女人

婚后，夫妻感情极其恶劣 他一直在外边养别的女人，

2008年上半年离婚，把房子、车子全给了女方、净身出户


他前妻的父亲 是北京城建集团2公司的纪委书记

他前妻的大哥 是 北京石景山区 当年最年轻的区长、现任
北京安监局局长 

2007丁亥年下半年开始，跟一帮贪官污吏混在一起，称兄道弟，开个公司，靠给人买官卖官、捞人办事赚钱，


2009己丑年5-6月份
诈骗了山东一个想买官的“大姐” 160多万，然后潜逃。

2010庚寅年7月4号
在北京朝阳被捕，同年11月，被判11年半，现正在湖北老家服刑

事后调查，还在广西诈骗别人200多万，诈骗重庆一老板70多万。

实话告诉你们，此人是我一个大学同学。（来源：神霄雷法论坛）


（2013年1月28日
金笑易整理）

        
        举报/Report
    

    
    
     
                
        
         
         
            

        
        
        
        
        
       
        
        
               
       
      
       
       

        
            
分享
            
                .bl_share .share_lst li a {
                    display: block;
                }
            
            
                
我的博客
                
微博
                
微信
                
朋友圈
            
        
        
       
                
            
                
                
            
            6
        
                
        
        
            
                
                
                
                    
                        N同时转发到微博
                    发送"
2,2,2,10,5,7,10,12,2,坤乙丑乙酉戊午癸亥,未评分,"命理：建房耗财的八字预测_梦死醉生命理_新浪博客
命理：建房耗财的八字预测
        
            2017-11-25 09:02阅读：
        
        
        
       
        
        
        
        
http://blog.sina.cn/dpool/blog/u/1704816431
        
        
        
        
        
        
            
        
                        （梦死醉生/文）

   
2017年一网友在《元亨利贞》论坛发八字求测，后据反馈我对财运等的预测较为准确。

原帖：《查看工作以及18年运势如何，谢谢！》

能给我看看工作如何吧？

八字简附：

坤造：乙丑、乙酉、戊午、癸亥（子丑空）。

大运：丙戌、丁亥、戊子、己丑、庚寅、辛卯、壬辰……目前在戊子大运的子运中（8岁起运）。

【断语】明年工作运势比今年还要好，不过明年财上损耗相对大些。供参考

【反馈】明年计划建房子，应该花费比较大的。



………………………………………………………………………………………………

【梦按】日元戊生仲秋，全赖坐下午火羊刃生身，这是个身弱八字。目前行子运，八字亥子丑三会冲克财帛宫午火，午火为印故被冲动。明年戊戌年，午戌半合，冲中逢合。天干有戊癸合财星也被合动。一般财印俱动的流年，容易发生购房建房等与房产添置有关的事情。断明年比劫帮身运势好，但财上损耗大。反馈明年命主要建房子，所以花费应该大。果验。
        
    
    
    
    
        
        举报/Report
    

    
    
     
                
        
         
         
            

        
        
        
        
        
       
        
        
               
       
      
       
       

        
            
分享
            
                .bl_share .share_lst li a {
                    display: block;
                }
            
            
                
我的博客
                
微博
                
微信
                
朋友圈
            
        
        
       
                
            
                
                
            
            
        
                
        
        
            
                
                
                
                    
                        N同时转发到微博
                    发送"
8,4,6,12,6,6,5,5,2,坤辛卯己亥己巳戊辰,未评分,"小偷骗子的八字命例集（1）_襄阳金笑易_新浪博客
坤二： 辛卯 己亥 
己巳戊辰

（4岁运，甲辰大运，以买彩票名誉骗取多个朋友300万癸未年被拘留，甲申流年判刑）

（来源：网络）



例5惯偷赖明

乾造：壬子 己酉 丙辰 甲午 

五岁另四个月上大运。

大运：庚戌 辛亥 壬子 癸丑 
甲寅

曾记师父教诲：看命，先要看什么当头，也就是年干是日主的什么十神。如果是偏神当头，若坏起来，会比常人更坏。此命是七杀当头；第二，再看天干露出来的是正神还是偏神，此命天干透得全是偏神；如果命局全部是坏，那也好，就像一个黑道头子，可以真正称霸世界，那也是王。怕就怕好坏掺半，这种人灾祸无穷。地支虽有羊刃帮身，但日主坐下为辰土，为正神，此处会晦火，说明本人无用处，月令为金，为才，又为正神，正神此时又帮不了命主。


又大运一路走来，直到四十五岁，都为官杀水运，背运。（来源：书艳的新浪博客）




例6入室盗窃破窗而入


乾：  甲子   
    丙子   
    癸卯   
    丙辰 (日空辰、巳)

运：丁丑　戊寅　己卯　庚辰　辛巳

一洋ＱＱ断：恐怕是因财或女人入监狱（对）这个人是贪财而不是女人
进的应该是晚上入室盗窃（对）


此八字结构出了问题，卯在身下表示人的思想或者说是欲望。但是此八字，子卯相破，说明此人的想法档次不高，就是比较低下的意思。而且卯穿了辰，辰
表面为官 
其实也是水的库，可以看成是住家房屋。卯为欲望，穿破房屋，什么意思？————破窗而入，
盗窃！

为什么我没断是拦路打劫？是因为
，他日干为癸，通禄在地支，地支一片比劫，比劫也有通过不劳而获获得别人财富的意思。


子为阴，而且两子，入了辰库。辰表示住所，所以是偷偷潜入房屋的意思。


因为子为阴为暗，子也是老鼠的象，所以是偷偷摸摸的，当夜深人静的时候，子的力量就开始变得强大。子为比劫，他的不劳而获的想法就开始左右他的欲望，于是他就在卯的支配下
破了辰，进入辰中
。所以他整个八字的信息就是告诉我 
他会在晚上去入室盗窃 而不是去强奸女性。



例７盗窃牢狱刃格透伤印

滨滨有礼发表于 2010-12-30
10:19 

公历：1988年10月2日14时38分　　农历：戊辰年[大林木]八月廿二日

起运：命主于出生后1年11个月5天14小时开始起运

交运：命主于公历1990年9月8日4时交运

乾造：　　戊　　　　 辛　　　　 庚　　　　 癸　　　　
(午未空)　

　　　　　辰　　　　 酉　　　　 寅　　　　 未　　　　
　

大运：壬戌　　癸亥　　甲子　　乙丑　　丙寅　　丁卯　　戊辰　　己巳　　　

　　　 2岁　　12岁　　22岁　　32岁　　42岁　　52岁　　62岁　　72岁　　

05乙酉年因盗入牢半年，

07丁亥年年底因旧案件之事再次入狱1年，

09己丑年2月又因盗入牢两年，国历11年3.月出来

明年2011辛卯羊刃受冲，为财为女人，凶灾来速。不过待验。

（命例来源：神霄雷法论坛）



例８鸡头诈骗入牢狱

本帖最后由 申水流通 于 2011-10-11 03:24


贴主说明：这是2011-10-10日在徐伟刚五福八字群，一位叫易生轶事的易友提供在群里供大家群断、讨论的实例。命主的人生命象很丰富，而此人是其同学，八字来源可信，所以很有研究价值特此整理论坛上，供大家学习参研。


1973年农历六月二十八，即阳历7月27日，命主生于云南 时柱报癸酉
、按真太阳时算 是否应调整为
甲戌、——我的实践经验以北京时为准："
5,9,4,6,2,6,5,3,2,坤戊申丁巳乙巳戊寅,未评分,"丧偶八字命例集（10例）_襄阳金笑易_新浪博客
坤造：戊申 丁巳 乙巳
戊寅

大运：甲寅 流年：丙戌（38岁）

反馈：婚姻不美满，其夫去年（06年）8月死于车祸，是丙戌年8月死于车祸。

（金笑易注：命犯孤鸾，夫哭妇，妻哭夫。此命年月日三重孤鸾。寅巳申三刑，伤官极旺。命犯伤官，不远嫁即丧夫。）


  

命例来源：紫气山人的博客http://blog.sina.cn/dpool/blog/s/blog_617286d50102dx4x.html?vt=4





联系有偿命运分析请加金笑易QQ631604401


更多精彩文章请百度“金笑易博客”，免费求测请发邮件到金笑易QQ邮箱。




        
        举报/Report
    

    
    
     
                
        
         
         
            

        
        
        
        
        
       
        
        
               
       
      
       
       

        
            
分享
            
                .bl_share .share_lst li a {
                    display: block;
                }
            
            
                
我的博客
                
微博
                
微信
                
朋友圈
            
        
        
       
                
            
                
                
            
            2
        
                
        
        
            
                
                
                
                    
                        N同时转发到微博
                    发送"
8,6,10,6,10,12,3,5,2,坤辛巳癸巳癸亥丙辰,未评分,"亿万富翁八字命例集1_襄阳金笑易_新浪博客
坤：辛巳　癸巳　癸亥　丙辰

大运 甲午 乙未 丙申 丁酉 戊戌
己亥 庚子 辛丑 

年份 1948 1958
1968 1978 1988 1998 2008
2018

断其本人：对人热情，讲义气，本人对待工作专心，进取心强，执着。

   1988年-1998年，工作不顺利，折腾，辛苦。从1998年进入好大运，自己做事业。1999年、2000年，2001年，2002年事业大发，天财横发！现在的家产已十多亿了。



 例
        
        举报/Report
    

    
    
     
                
        
         
         
            

        
        
        
        
        
       
        
        
               
       
      
       
       

        
            
分享
            
                .bl_share .share_lst li a {
                    display: block;
                }
            
            
                
我的博客
                
微博
                
微信
                
朋友圈
            
        
        
       
                
            
                
                
            
            2
        
                
        
        
            
                
                
                
                    
                        N同时转发到微博
                    发送"
1,3,3,3,1,5,4,4,2,坤甲寅丙寅甲辰丁卯,未评分,"妓女小姐老鸨命例集（一）_襄阳金笑易_新浪博客
坤造:甲寅,丙寅,甲辰,丁卯


十岁运

2001年光顧，客人自言是在浴室工作。

1．喜金沒金，格局差。

2．兩個合局，兩寅卯辰。

3．比劫在前面，有食無財，財化比劫。

4．大運一路下去寒濕，批其一生為妓，甚至會吸毒，短命而死。

5．命無夫星，官為半忌，有土，喜濕及合局，夫緣很薄，一生無正夫，只有男友。

（来源：蒋文正的新浪博客）

（金笑易2013年1月26日整理）

        
        举报/Report
    

    
    
     
                
        
         
         
            

        
        
        
        
        
       
        
        
               
       
      
       
       

        
            
分享
            
                .bl_share .share_lst li a {
                    display: block;
                }
            
            
                
我的博客
                
微博
                
微信
                
朋友圈
            
        
        
       
                
            
                
                
            
            1
        
                
        
        
            
                
                
                
                    
                        N同时转发到微博
                    发送"
10,4,1,3,6,12,10,10,2,坤癸卯甲寅己亥癸酉,未评分,"妓女小姐老鸨命例集（二）_襄阳金笑易_新浪博客
坤造:癸卯,甲寅,己亥,癸酉

四岁起运

這個客人02年來的，面上有明顯的痣，眼肚很黑，但醫生檢查過沒有發現有甚麼疾病。她和另一日本男人一同前來，相信他們是有暖昩關係。此女懂中英日泰語，在中國城當媽媽生的。


已離婚，有一23歲的女兒，另一女13歲。

曾跟日本人到日本同居，住了幾年，一生生活無憂，還經常當媽媽生。

 （命例来源：
        
        举报/Report
    

    
    
     
                
        
         
         
            

        
        
        
        
        
       
        
        
               
       
      
       
       

        
            
分享
            
                .bl_share .share_lst li a {
                    display: block;
                }
            
            
                
我的博客
                
微博
                
微信
                
朋友圈
            
        
        
       
                
            
                
                
            
            
        
                
        
        
            
                
                
                
                    
                        N同时转发到微博
                    发送"
6,10,4,4,7,5,4,12,2,坤己酉丁卯庚辰丁亥,未评分,"子平研究：生死窍50例【上25例】_释缘易学_新浪博客
坤造：己 丁 庚 丁 （身弱） 

       
 酉 卯 辰 亥 

大运：戊辰 流年：丙 寅（17岁） 

反馈：甲午月命主自杀。 

技术点窍：流年的关键字为丙火七杀攻击日干，这个流月是半合杀局助旺杀的应期。

        
        举报/Report
    

    
    
     
                
        
         
         
            

        
        
        
        
        
       
        
        
               
       
      
       
       

        
            
分享
            
                .bl_share .share_lst li a {
                    display: block;
                }
            
            
                
我的博客
                
微博
                
微信
                
朋友圈
            
        
        
       
                
            
                
                
            
            
        
                
        
        
            
                
                
                
                    
                        N同时转发到微博
                    发送"
3,3,1,7,9,5,2,6,2,坤丙寅甲午壬辰乙巳,未评分,"妓女小姐老鸨命例集（一）_襄阳金笑易_新浪博客
坤造：丙寅 甲午 壬辰 乙巳，

  
看了她的生辰八字之后，我说这个女的长的还是比较漂亮的，只是身材偏胖，张老三说道：是的，她身高大约1.70米，大腿很粗，还有小肚子，就像怀孕二三个月的孕妇。职业是做酒店的或者做销售的，张老三说是一家商店的营业员。当时我看了这个女的八字后就直觉到这个女的不简单，为何呢？因为她命里夫星特别多，而且都藏在地支之内，也就是说此人外表看似随和大方，实际上是一位多情多欲而且男友多多的风流女子，但是因为他们刚开始谈对象，我也不便上来就给他泼冷水的。


     
后来不到半个月的时间张老三就与她的新网友分手了，谈了他们以前的交往经历之后，果然证实了这一点。这位张老三网恋的功夫确实不错，每个月都会钓到一二个新的网友，然后在自己的宿舍内发生一夜情，与以前的网友有不同的是，此位美女属于主动脱衣上床型的，搞的这位张老三有些丈二和尚摸不着头脑，因为以前的网友大多数是半推半就型的或者是誓死抵抗型的。此位美女上床就脱衣服，脱完之后就问张老三：你咋还不脱衣服呢？我平时睡觉一般都是穿衣服的，张老三有些不知所措的回答到；但是张老三毕竟不是坐怀不乱的柳下惠啊，说归说其实心里早就蠢蠢欲动了，于是乎干柴碰上了烈火就熊熊燃烧起来。第二天这位美女就对张老三说：你追我，我们谈对象吧。张老三还是有些耿耿于怀啊，在心里暗自寻思道：你第一次就和我随便上床，难道和其他的男的不也是如此吗?怀疑归怀疑，但是恋爱还是要继续啊，一个人的日子毕竟寂寞难耐啊。于是乎开始了两个人的恋爱，但是此位美女也不是傻子啊，接下来就不停的找一些理由向张老三要礼物，比如我过生日你得给我买东西啊，磨叽了多次之后，毕竟给美女磨的心软了，便送给了这位美女一辆自行车，没想到在得到自行车之后，这位美女就来了180度的大变脸，从此不再理张老三了，于是乎张老三说分手也行，你得还我的自行车啊，但是这位美女是光答应就是不见行动啊，一场闹剧就这样匆匆结束了。（来源：不才老朽的新浪博客）




例７酒廊小姐命造：

　　一九六三年十月初十卯时。"
2,4,10,8,4,4,5,9,1,乾乙卯癸未丁卯戊申,未评分,"破财的八字命例集1_襄阳金笑易_新浪博客
乾造：乙卯 癸未 丁卯 戊申

4岁上运08年进入己卯运

断：

一、经商命，学业不佳，初中未毕业。（对的。）

二、庚辰大运，乙庚合化金气，开始折腾工程。是的！盖因：乙木为印为土地、房屋，庚金为财，乙庚合化财气，靠此赚钱。地支寅卯辰三会东方木局亦为工程类。


三、己卯运，三卯合未塞火，庚寅、辛卯两年木当权而财临绝胎，因工程破财数百万。你应为此事而来！回答一个字“唉！”


四、壬辰年前来求测：断其去年之事今年发，罗圈官司没头打！申辰拱子财化鬼，这场官司钱要赔。他说冤枉。断曰：财化鬼必拿之财，岂能你说冤枉就冤枉？




故此断到：此事与情屈与理不屈，这钱你必拿无疑，否则，银色手镯你是要带的。实际反馈目前处在取保候审状态。




他说目前看赔钱是一定的啦，可能要赔80万左右，我说卦上看        
    
    
    
    60万你要赔的，好一好能缩到五十万。你说的八十万不靠谱。其结合实际一算目前拿出人情费25万，对方要35万，我说你现在就给25万就能摆平。其说中间人也是这么说的，现在要给现金，25万就能了事。



接着问：去年工程欠他的钱能不能要回？断曰：去年欠你30万，能要回。今年，有人找你合作，应该是做管道、桥洞一类的工程，实际是一个远房亲戚管什么管道布控（忘了是什么管道了，不是自来水就是城市引水工程一类的）要与其合作。




解曰：丁火日主申金为财，己卯大运申酉空，申金为传送，金属空还传送，不是管道是什么？乙卯年生人子丑空亡，流年虚拱子水官星，是个虚像，代表从中牵线搭桥，但是，子水耗泄申金之气，所以代表抽干股。辰土为食伤代表投资，合局代表合作。子水为天后，为桃花，故此，这个远方亲亲应为一个老女人。


例2车祸客户死亡赔偿50万

林之森信息咨询中心/文

　　　前几日某老板找到襄阳林之森信息咨询中心，慕名要求李唯弘老师看看他的一朋友这几年运气如何？排出八字（"
8,12,7,3,3,3,8,4,2,坤辛亥庚寅丙寅辛卯,未评分,"妓女小姐老鸨命例集（二）_襄阳金笑易_新浪博客
坤造：　　辛亥　　　 庚寅　　　 丙寅　　　 辛卯　　　
(戌亥空)　

　　　大运：辛卯　　壬辰　　癸巳　　甲午　　乙未　　丙申　　丁酉　　戊戌　　　

　　　 9岁　　19岁　　29岁　　39岁　　49岁　　59岁　　69岁　　79岁　　

始于：1979　　1989　　1999　　2009　　2019　　2029　　2039　　2049　　　

（1）我断此八字1992年结婚(反馈：那是现在女儿她爸，后来离婚了。)

（2）我断2006-2007有爱情（反馈：2006年底到2007年，只有三个月，我是很喜欢他，他小我三岁，后来分手了）

（3）我断此八字能找钱，但不会积蓄，花钱如流水。（反馈：以前赚钱容易，但就是象流水一样，后来被男人骗了一些，赌博输了一些）


（4）我断此人漂亮（反馈，当时是广东最漂亮的妈眯）

（5）我断此人嫁的老公不行能力差，靠不住。（反馈：以前跟我在一起我开了几家服装店，他什么都不做，跟我背包拿货，现在开出租车，女儿她爸脾气不好，经常动手打我，然后下跪认错，累。就是因为他没有出席，在家又说不起话，我95年赚了钱就给他买车，经常出车锅
，他撞车都说是别人的错 ，我开了三年的车没有出过一点点事。）

（6）我断读书很一般，那个年代最多高中。（反馈：初中毕业就没有读书了，现在喜欢看一些关于管理，经营之道等等）


（7）我断容易找情人。（反馈：没有情人。后来聊天她自己说：年轻的时候漂亮，很多男人我都看不上。我自己一个人去打拼的，去了广东就认识了一个香港人，他帮了我很多。那个香港人对我很好，我就是因为他不肯离婚就跟他分了）


（8）我断生女儿机会大，生儿子不好养（印旺克子）(反馈:是女儿,很漂亮)。

（命例来源：辛酉丑命馆和讯博客）



例３曾當風塵的命"
10,4,1,1,3,9,7,1,2,坤癸卯甲子丙申庚子,未评分,"妓女小姐老鸨命例集（二）_襄阳金笑易_新浪博客
坤造：癸卯　甲子　丙申　庚子

大运：6乙丑　16丙寅　26丁卯　36戊辰　46己巳　56庚午　　

此 命 丙 火 日 元 ，
生 於 子 月 官 星 當
令 ， 又 時 為 庚 子
， 日 元 自坐 申 金 ，
申 子 半 會 水 局 ，
金 水 旺 矣 。 雖 月
干 甲 木 透 出 ， 通根
於 卯 ， 但 可 惜 命
中 火 氣 全 無 ， 濕
木 無 焰 ， 不 能 引
生 丙 火。 格 成 財 宮
旺 而 用 印 劫 。
　　　　　　　　

此 命 夫 宮 坐 財 而
子 水 兩 合 ， 一 生
能 得 異 性 之 財 ，
但 常 常 處 於 三 角
關 係 當 中 ， 不 能
自 拔 ， 以 致 婚 嫁
不 定 。 又 因 格 局
甚 清 ， 故 長 得 異
常 漂 亮 。 　　　　　　　

　此 命 十 六 歲 開
始 與 人 同 居 ， 十
八 歲 開 始 做 舞 小
姐 ， 因 漂 亮 之
關 係 ， 所 以 紅 極
一 時 。 二 十 三 歲
丙 寅 年 後 轉 做 舞
女 大 班 ， 但 引 來
之 客 人 追 求 她 還
多 於 追 求 她 所 帶
之 小 姐 。 至 九 零
年 後 轉 做 正 職 ，
但 在 九 三 年 間 未
婚 產 子 。 近 況 不
詳 。 　

（命例来源：龙晒衣的天涯博客）　



例５养老公的小 姐 命"
5,9,5,7,3,5,6,2,1,乾戊申戊午丙辰己丑,未评分,"6249032353 Fri Mar 13 22:41:50 +0800 2026
星座超话 《渊海子平》记载：‘禄前一位为食神，后一位为比肩，若得二者相夹，则禄不孤而势盛。’这种结构被认为有助于稳定财官、增强命主的自我掌控力。夹禄并非单纯指地支藏干，而是强调十神之间的位置关系与能量互动。例如甲木日主见寅为禄，若年支为丑、时支为卯，恰好将寅夹在中间，则构成‘ ​​​ ...展开
【图片OCR】
姚涞状元，尚书姚谟之子。
乾造：
戊戊丙己
申午辰丑
大运：
己未庚申辛酉王戌癸亥
周易微学堂解析：
根据八个字反推命主出生于明弘治元
年，即公元1488年阴历四月二十三日。这个
八个字首先是年月二柱的天干相同，地支隔
位相夹的关系，年柱戊申跟月柱戊午中间暗
夹了一个未
而月日两柱与也是同旬隔位相夹，丙辰
跟戊午中间夹着丁已
这样一来，年月日三
柱都在夹东西，夹出来的未跟已，跟原命局
已有三个地支连成了一片，辰已午未申，地
支连茹，单看到这里的话，没什么毛病，本
身日柱丙辰干支上下为一体，他透出了两个
戊土跑到年月来夹这个印库未，并且这个印
库未又是年干戊定义的贵人。
同时丙辰又能跟戊午夹出一个禄来，这
个禄旺旦口工西以的湿
同时也旦年千的代
小米AI
@考磐国学"
1,7,4,2,1,9,2,12,2,坤甲午丁丑甲申乙亥,未评分,"妓女小姐老鸨命例集（二）_襄阳金笑易_新浪博客
坤造：甲午　丁丑　甲申　乙亥　

大运：６丙子　16乙亥　26甲戌　36癸酉　46壬申　　　　　　　　　　　　　　　　


此 命 天 干 比 劫 食
傷 齊 透 。 夫 宮 坐
殺 為 忌 ， 命 中 午
為 紅 艷 桃 花 ， 再
加 十 一 歲 至 十 六
歲 運 行 子 水 ， 而
子 為 沐 浴 桃 花 ，
有 桃 花 沖 桃 花 之
象 ， 且 子 午 相 沖
， 用 神 受 傷 ， 所
以 十 六 歲 前 經
已 離 家 與 男 人 一
起 ！ 但 可 惜 命 中
夫 宮 坐 七 殺 而 為
忌 ， 所 以 每 每 所
托 非 人 ， 那 些 男
人 利 用 她 為 搖 錢
樹 ， 賺 錢 養 他
。 十 六 歲 至 廿
六 歲 乙 亥 運 時 ，
申 亥 相 沖 ， 夫 星
亦 有 屢 換 之 象 。
一 生 唯 有 二 十 六
歲 至 三 十 六 歲 甲
戌 大 運 ， 較 為 開
心 安 定 ， 但 廿 六
歲 後 癸 酉 、 壬 申
， 雖 有 夫 運 ， 但
亦 不 看 好
。（命例来源：龙晒衣的天涯博客）　

　　

例６老鸨之命 

1963年女命"
6,2,8,8,7,11,6,4,2,坤己丑辛未庚戌己卯,未评分,"妓女小姐老鸨命例集（一）_襄阳金笑易_新浪博客
坤造：己丑 辛未 庚戌 己卯 

8岁 18岁
28岁 38岁
48岁 58岁

十八岁丙午年犯桃花，与丈夫发生肉体关系，订婚，事后发现不妙，要求退婚，丈夫不肯，一直拖到二十一岁。己酉年离婚，二十二岁又结婚，二十七岁乙卯年，本人犯桃花有外遇。三十三岁辛酉年羊刃劫财（卯酉冲）正式离婚。三十三岁后到夜总会卖笑。三十四岁为应招女郎。


按此命造日座寡宿，主伤夫，孤独。年月日，带丑未戌：而日犯桃花，红艳煞，有带刑合。故红杏出墙。堕落风尘也。（来源：预测师郭启梁的新浪博客）




例9一同去做妓别人跟老板你跟司机

这两个女子打扮的很时尚，一个披着白色风衣，颈上系条粉红丝巾；另一个穿着黑色连衣裙，身材凹凸有致，皮肤白晰细腻，保养到家，几乎看不出年龄，并排坐在师父对面。
我忙准备记录，以方便自己学习。师父算命从来都是心算，只是偶尔会看下我记的笔记。

那个黑衣女子轻启水晶红唇，说：“我是1970年阳历2月3号早上6点生。”

我快速地转换成了农历：69年十二月二十七卯时，并排好了八字："
3,7,5,11,4,8,7,11,2,坤丙午戊戌丁未庚戌,未评分,"6249032353 Sat Jul 04 23:30:02 +0800 2026
古书没说印星财星当配偶时嫁老头儿，，只有“女犯伤官嫁老头儿”的说法，，现实遇到的案例也都如此，大八岁都算小的，最大的大19岁，，//@蕤蕤生花:回复@考磐国学:印星和财星也是代表成熟男嘛//@考磐国学:回复@蕤蕤生花:伤官星是夫星时，不管它在哪，都喜欢成熟男，，//@蕤蕤生花:月柱也是老头儿嘛// ...展开
【转发】满盘食伤也能嫁富豪

坤造：丙午 戊戌 丁未 庚戌
大运：丁酉 丙申 乙未 甲午 癸巳 壬辰 辛卯 庚寅

每日案例750反馈

【A】命主嫁的丈夫比她大十几岁，90 年代就已经有 A10 了。
案例反馈信息：粉丝/学生收集整理，参考出处：豆瓣。

解析：
丁火日主，地支未戌土里都有火根，天干又有丙火帮身，所以这 ​​​ ...展开"
6,10,5,5,3,3,1,7,1,乾己酉戊辰丙寅甲午,未评分,"6249032353 Thu Jul 02 06:44:52 +0800 2026
回复@Phonerchali:原局就是枭印格，水来辅佐枭印，水是命局中最大的相神，，再者，命局中辰这个水库就是蓄水养木，，，午火卸枭，，午是命局破枭印格的点，，//@Phonerchali:请问考磐老师，这个局怎么会走水运发呢？不该走木火发吗？//@考磐国学:这本身就是个富贵格局，从乙丑，甲子，癸亥一路好运，一 ...展开
【转发】赌技高超，靠的到底是财运，还是偏门手段？

乾造：己酉 戊辰 丙寅 甲午
大运：丁卯 丙寅 乙丑 甲子 癸亥 壬戌

反馈：命主 13 岁辛酉年开始混迹社会，没几年就跟着一帮人吃喝嫖赌。后来跟一些“老前辈”学会了赌术，不是单靠手气，而是赌技很高。到了乙丑运，九十年代末已经靠赌博赢到几百万，而且一 ​​​ ...展开"
1,3,4,2,3,3,1,7,1,乾甲寅丁丑丙寅甲午,未评分,"6249032353 Thu Mar 19 21:52:22 +0800 2026
回复@happy-and-luckyer:一种叫顺载财官，就要生，另一种叫逆载财官就要制，， 顺载财官类似通常说从财官//@happy-and-luckyer:制财官是一种拥有财富地位的手段，生财官也是另外一种拥有财富地位的手段吧。什么情况需要去制，什么情况需要去生呢//@考磐国学:财官星代表社会地位，制住财官，就是拥有了 ...展开
【转发】独财入墓，克妻

乾造：甲寅丁丑丙寅甲午

民间八字体系中，若是财星入墓则妻子必然多病或者是早逝。比如财星为木则入未墓，财星为火则入戌墓，财星为水则入辰墓，财星为金则入丑墓，财星为土则入戌墓，这里和大家介绍一下，为什么土入戌墓，因为土随其母，火生土则火是土的母，而戌是火的墓，则土是火 ​​​ ...展开"
10,12,2,4,9,11,4,8,1,乾癸亥乙卯壬戌丁未,未评分,"6249032353 Tue Jun 23 17:08:27 +0800 2026
回复@用户7672202051:是的，这个是原局有病，大运是没有药的，所以什么运都治不了病，，早年水运能制丁，但戌这个病根无制，，唯独可以走辰运冲戌，或者未运刑戌，，丑运虽能制戌，但同时也制了未，，//@用户7672202051:就是出生后一直走背运，感觉这个八字走什么运都不行啊// ...展开
【转发】伤官制坏官杀，水木运为忌，酗酒炒股赌博

乾造：癸亥 乙卯 壬戌 丁未
大运：甲寅 癸丑 壬子 辛亥 庚戌 己酉 戊申 丁未

每日案例738反馈

【A】命主无业，打工，喜欢酗酒、炒股、网络游戏赌博。2008 年结婚，2018 年离异。2024 年先是肺部疾病，后转肝癌去世。
案例反馈信息：粉丝/学生收集整理，参考 ​​​ ...展开"
9,9,3,7,7,7,7,5,1,乾壬申丙午庚午庚辰,未评分,"6249032353 Mon Jul 13 17:08:00 +0800 2026
A与B的差异不是很大，都符合年时金水包局，生活在一个好的圈子里，在圈子内被丙火打压，，区别在于一个生活在外人羡慕的单位里，在单位里憋屈，另一个生活在被人羡慕的家境里，同时受着憋屈，，唯独C的差距大，更像己卯时，//@观星日志:是呀，八字一样的人有很多的，但他们的人生经历也各不相同。所以 ...展开
【转发】三人相同八字，境遇大不相同
　
乾造：壬申 丙午 庚午 庚辰
大运：丁未 戊申 己酉 庚戌 辛亥 壬子
　
反馈：
A：命主在金融公司上班，付出和收入不成正比。2018 年压力大，2026 年压力也很大，被领导穿小鞋。
B：命主是设计师，2018 年开始得有抑郁症。目前在家里，由父母养着，家境可以。
C：命主是赌 ​​​ ...展开"
2,4,10,8,8,10,2,8,1,乾乙卯癸未辛酉乙未,未评分,"6249032353 Tue Mar 24 01:33:11 +0800 2026
回复@Alex-For:杂气财格，未卯合局，命局以卯为用神，未为相神，可谓是用相两旺，成格入贵，但酉金冲卯是破格之所，破格无贵，求财又当以财财格，酉冲卯，也是求财上的困局，，此命就是官做不成，求财又受酉金所累，酉这个禄就是忙碌辛苦的禄，，事必躬亲，刚愎自用，格局打不开，事业做不大，// ...展开
【转发】厂二代，千万身家 
乾造：乙卯 癸未 辛酉 乙未
大运：壬午 辛巳 庚辰 己卯 戊寅

反馈：
出生富裕家庭，父母开加工厂，2000结婚，接受父母工厂，扩大规模，暂时为董事长，财富千万以上。2020-2021年口罩影响亏损300多万。

提问：
卯未合木，卯酉相冲，是卯木受伤还是酉金受伤？

学八字超话 ​​​ ...展开"
5,11,2,2,6,8,3,3,2,坤戊戌乙丑己未丙寅,未评分,"6249032353 Thu May 21 21:27:54 +0800 2026
回复@用户7672202051:稼穑从来都不存在，所有的格局都要按照正格看，，这个局丑当令，丑中人元无一透干，就表明这个司令昏庸无道，就要推翻它，就要制丑，以及丑中的金水，，，八字格局就两种，一是生用结构，另一个是制用结构，这个局就是制用结构//@用户7672202051:坤造，戊戌  乙丑  己未  丙寅 ...展开
【转发】星座超话《渊海子平》云：“戊己生居四季中，辰戌丑未要全逢，喜逢财地嫌官杀，运到东方定有凶。

这句话被理解成稼穑格，，其时，稼穑就不叫格，，

稼穑格，从格，，本质都不叫格，，要看正八格属于哪一格，，只有正格成格的稼穑，正格成格的所谓的从格，才是富贵

辰戌丑未，是四种不同性质的土 ​​​ ...展开"
4,4,9,3,3,7,3,9,1,乾丁卯壬寅丙午丙申,未评分,"6249032353 Sat Apr 25 08:19:48 +0800 2026
定位六亲，壬寅为母，壬丁合，卯寅互为阴阳，丁卯就是父亲，卯申相合，申为父亲的财，早运金旺，就是父亲为其挣下的资产。命主丙午之所求是寅木，赖寅所生，寅卯为命主之所求的财，行运不见寅卯，注定难有成就。2024-2025甲辰乙巳，虽见寅卯，特别是乙巳，巳火比劫倒泄寅卯之气，比劫分印，岂能不败。
【转发】【讨论帖】
家里留下一千万，为什么一投资就败光？

乾造：丁卯 壬寅 丙午 丙申
大运：辛丑 庚子 己亥 戊戌 丁酉 丙申 乙未 甲午

反馈是：命主父亲早年做修车生意，2015到2016年前后去世，留下两套房和一点现金，加起来大概一千多万。命主从2024年开始自己投资，最后几乎全部亏完，现在还负债累累。

 ​​​ ...展开"
10,4,5,7,1,7,4,4,2,坤癸卯戊午甲午丁卯,未评分,"妓女小姐老鸨命例集（二）_襄阳金笑易_新浪博客
坤   癸戊甲丁 

    卯午午卯  
运6 
己未  庚申 
辛酉  壬戌  癸亥 
甲子

   
八字一见面就是以财合印，去了那点水，也就扯掉了那块破布。

   
甲在午午之上，难逃烈焰，肢体卯木，以刃之性纵身伤官之中，尽情而彻底——对自己残忍对别人也残忍。
以伤官化刃，割皮肉生财，一身桃花吐艳。

   
早年庚申辛酉，纷踏而来的官杀，如“过江之鲫”。

   
到癸亥运，自身花色已谢。亥午暗合去桃花焰火，浴火脱身。该运戊癸合，癸水目绝丁火。卯亥合，抱水不失期时。


   
丁卯，丁火依旧闪烁。这里是她借木生火，借火生财之象了。

   
能当老鸨的，得有这样的命！（八字来源：未知）



例7當媽媽生(为妓女招揽生意的老鸨)"
5,7,5,7,9,11,10,4,1,乾戊午戊午壬戌癸卯,未评分,"子平研究：生死窍50例【上25例】_释缘易学_新浪博客
乾造：戊 戊 壬 癸 （从格） 

     午 午 戌
卯 

大运：辛 酉
流年：乙 酉
（27岁） 

反馈：哥哥是个修理工，那天哥哥正在修车，他用电钻钻孔时，突然钻把手打在我哥的胸膛上，我家人就赶紧送我哥去医院，前后不到7分钟，我哥的心脏就停止跳动了，在医生的抢救下也是无济于事。
        
    
    
    
    

技术点窍：关键字为酉金，岁运构成双酉冲卯，旺金冲木，将用神“卯”连根拔起。此为二冲一，又为旺冲弱，用神五行偏弱被连冲带克，毫无救援，可见生死悠关，且冲为突发性、偶然性的意外事故，金为致命因素，所以命主被金器突伤至死。原来这是用神克绝无救的死亡类型。


例二、阳历1975年9月14日丑时"
3,3,2,8,1,11,4,4,1,乾丙寅乙未甲戌丁卯,未评分,"6249032353 Sun May 03 17:23:01 +0800 2026
要论比劫夺财成立的话，那也应该是别人抢他老婆！这个局是以劫财乙木当老婆，，原配是丁卯，小三是乙未，，乙未的原配是丙寅，壬寅年克丙，乙未与丙寅分开，，癸卯年克丁卯，命主与丁卯分离，，，留下甲戌被乙未刑冲，，命局以卯木为财，小三虽然强势，但却自带财库，，
【转发】比劫成三合局，出轨离婚

乾造：丙寅 乙未 甲戌 丁卯
大运：丙申 丁酉 戊戌 己亥 庚子 辛丑 壬寅 癸卯

每日案例688反馈【A】

包工头老板，2023年出轨，小三找到家里闹，老婆起诉离婚。

一、旺衰取格用神
甲木日主，地支有寅卯木为根，天干又透乙木，卯未合木，日主明显偏强。甲木生于未月，乙木坐未 ​​​ ...展开"
5,3,7,9,9,3,8,12,2,坤戊寅庚申壬寅辛亥,未评分,"6249032353 Fri May 29 11:53:23 +0800 2026
就这个局，能有如此福份？日禄归时，双寅坏禄，申也穿禄，巳运又冲禄……禄都坏成这样了，，只有庚戌时，才有可能，……个人观点，一家之言//@吉道先生:这个局夫宫食神是个好东西，病在枭神夺食，丁巳运枭神被制，食神完全解放出来，夫宫喜用神发力，财星解放的，嫁个有钱人。
【转发】为什么她能高嫁十亿级富二代？

坤造：戊寅 庚申 壬寅 辛亥
大运：己未 戊午 丁巳 丙辰 乙卯 甲寅 癸丑 壬子

反馈：上周刚结婚，对方是十亿级富二代。她以前做过空姐，婚后也进了男方家族企业上班。外形条件很强，身材高挑，很有女人味，过去接触的对象大多非富即贵，感情经历也比较复杂，目标感一直 ​​​ ...展开"
1,5,2,12,9,9,8,12,1,乾甲辰乙亥壬申辛亥,未评分,"亿万富翁八字命例集1_襄阳金笑易_新浪博客
乾：甲辰　乙亥　壬申　辛亥

财气通门户格局。房地产商。亿万富豪。

此造壬申日主，生于亥月，建禄司权，得旺令。日元可谓强旺，能承大财，喜食神伤官旺而透干，食伤生财财源远，典型的财气通门户格局，故能大富。此造印星以羊刃申金为根，印旺，故名气较大。只可惜，08戊子，申子辰化劫财局，破财不少，皆因大气运造成，房价大跌，印星失根，名气受损。从这点看，国运与个人命运真是息息相关，而从房地产商的八字，也可倒推出中国房价应在2010年（庚寅）正月大反弹，今年冬季有可能是最低点。此实例可以证明，看财运只看财星强弱来论是不全面的.




此八字特点: 无财星(火),但食伤为用泄秀有力,一派富贵架式.



例10从财格"
6,10,4,2,1,3,4,4,2,坤己酉丁丑甲寅丁卯,未评分,"妓女小姐老鸨命例集（一）_襄阳金笑易_新浪博客
坤造：己酉  丁丑  甲寅 
丁卯

我还未来得及排大运，这里师父已开腔：“妹仔呀，你这张命好硬好苦呢。我有话直直说呵。”

那黑衣女子目不转睛地盯着师父，点点头，说：“大师，但说无妨，苦成何样？”

师父端起面前的小茶杯，呷了口茶，清了清嗓子，说：

“苦成这样：一同去做妓，别人跟老板你就跟司机！”

那知师父又说：“玩完了后人家还要吐口水骂你娘呵。”

“大师大师，真是服了你。”不料白衣女子此时竟对师父竖起大姆指，又对旁边的黑衣女子的说：“还真准呢，每次我碰到的都是老板级，你碰到的男人不是穷光蛋就是赖皮呵。上次还听你说碰到了虐待狂呢。”（命例来源：书艳的新浪博客）




例10一生為妓的風塵之命"
3,11,8,4,2,8,4,12,1,乾丙戌辛卯乙未丁亥,未评分,"子平研究：生死窍50例【上25例】_释缘易学_新浪博客
乾造：丙 辛 乙 丁 （身旺） 

       
 戌 卯 未 亥 

大运：丁酉 流年：甲申 （58岁）


反馈：04年遭枪决。 

技术点窍：此流年关键字为申金，与大运、年支刚好形成金局。流年的关键为干支力量的去向，可以看出这个金局是冲卯去的！那么将日主的根拔起一定会死人吗？原来是大运酉冲卯使格局转弱，流年又给酉金加猛力，被拔根的用神遭到猛克猛冲，日主哪还有生还之气？可以看到金是致死之因，枪弹为金属之物。为何不是车祸呢？可见四柱展示性质，而不对应物质，金模拟坚硬的物质，如胆结石、枪弹、车、刀等不定因素，但我们可以铁断为金器、坚物突然致命。



 例四、阳历1988年1月7日午时"
8,10,10,6,3,9,5,11,1,乾辛酉癸巳丙申戊戌,未评分,"考磐国学 Thu Aug 06 08:28:50 +0800 2026
回复@乌云快走开er:不是贤内助吗？那最可能是壬辰时，，是不是贤内助不是看她破财，，而是愿意不愿意不离不弃，并一如既往的支持对方，，破财只是夫妻共同的运势造就，，//@乌云快走开er:他老婆恐怕不是贤内助吧
【转发】学八字超话 邹市明的八字详细解读

乾造：

辛癸丙戊
酉巳申戌

1999己卯年进入国家队。
2003癸未年，世界拳击锦标赛男子48公斤级亚军。
2004甲申年，雅典奥运会拳击48公斤级半决赛，获得季军，
2008北京奥运会，冠军。
2012壬辰年8月，伦敦奥运会49公斤级蝉联奥运会男子拳击最小级别冠军。

2016 ​​​ ...展开"
5,5,1,3,7,3,3,11,2,坤戊辰甲寅庚寅丙戌,未评分,"妓女小姐老鸨命例集（二）_襄阳金笑易_新浪博客
坤造：戊辰 甲寅 庚寅 丙戌

大运 癸丑  壬子  辛亥 
庚戌  己酉  戊申  丁未
 丙午  

岁数 1  
  11    21 
  31    41 
  51    61 
  71   


年份 1988 
1998  2008  2018 
2028  2038  2048 
2058 

这女孩子说自己初中文化，在夜场领舞，感情上多次受伤，遇到的男人都是骗子，09年的时候因为经济诈骗差点坐牢，现在显得很颓废，对人生不抱什么希望。

（命例来源：金玉章的新浪博客）



例2        
    
    
    
    作过妈眯的生意人"
2,12,5,3,1,9,4,4,1,乾乙亥戊寅甲申丁卯,未评分,"6249032353 Thu Jul 02 20:18:03 +0800 2026
乙亥与丁卯年时相合，亥是命局中的贵人，寅亥合破，是寅抢夺亥，寅旺则夺亥，亥旺时，亥寅合，是亥中壬制寅中丙，申制寅，，寅透戊，又被乙木制，，命局构成:亥申卯乙，制戊寅的结构，乙亥运，就是戊寅受制的应期，，//@考磐国学://@考磐国学:用乙制甲，乙亥运是乙木旺，寅木受制，乙亥运可以成事，，
【转发】乾造：乙亥 戊寅 甲申 丁卯
大运：丁丑 丙子 乙亥 甲戌 癸酉 壬申 辛未 庚午

每日案例748
以下哪个选项更符合实际情况：
A、开厂老板，千万身价
B、水电工，负债

星座超话看八字超话学八字超话#每日案例专栏# ​​​"
3,3,6,12,10,10,3,5,2,坤丙寅己亥癸酉丙辰,未评分,"6249032353 Sat Jul 25 00:59:50 +0800 2026
想起一个类似组合的局，deepseek最后给出:“杀控禄神，端人碗看人脸”“运转西方，捧印奉上”，，命局组合算是完美，都是用神，只是亥寅合，辰酉合，略有一丝瑕渍……影响了格局高度，，
【转发】劫财格身不强，印运托起平台，甲辰年升职加薪
　
坤造：丙寅 己亥 癸酉 丙辰
大运：戊戌 丁酉 丙申 乙未 甲午 癸巳
　
每日案例770反馈

【A】编制内，稳定工作，在医院妇产科做医生。2009 年结婚，婚姻稳定。2024 年升职、加薪。
案例反馈信息：粉丝/学生收集整理，参考出处：易缘八字论坛。
　
分析 ​​​ ...展开"
10,4,10,12,9,9,10,4,2,坤癸卯癸亥壬申癸卯,未评分,"妓女小姐老鸨命例集（一）_襄阳金笑易_新浪博客
坤造：癸卯 癸亥 壬申 癸卯 

6甲子 16乙丑
26丙寅 36丁卯
46戊辰 56己巳

 
十九岁辛酉年桃花。辛克大运之乙，酉冲年时之卯，伤官桃花相冲，该年八月失真。

 
水木伤官，为人聪明秀丽，任性不驯。善于辞令。然而金水太旺“水盛多淫”。

 
二十五岁行丙寅大运，寅为日主申之驿马，所以工作不稳定，常换工作。常换男友。

 
日上是桃花煞，生年是癸卯纳音是金，临官在日支申见劫煞。凡人遇上临官，曰桃花，皆是好酒色。故去酒廊上班。故乙丑大运沦落风尘。而日亥申相亥不利婚姻。


（来源：预测师郭启梁的新浪博客）



例８夜总会小姐命造："
3,3,3,9,7,11,9,7,2,坤丙寅丙申庚戌壬午,未评分,"考磐国学 Mon Aug 03 17:53:08 +0800 2026
癸巳大运，巳申合，以官杀制比劫，求的是申金，制住了申金，逢金得财，，申金比劫就是被割的韭菜，原局壬水未制尽，，所以壬寅癸卯年，意味着申金无制，，被割的韭菜不再听她忽悠了，，，
【转发】建禄格食神制杀，癸巳运先赚后亏
　
坤造：丙寅 丙申 庚戌 壬午
大运：乙未 甲午 癸巳 壬辰 辛卯 庚寅
　
每日案例780反馈

【A】从事直播带货，2019—2021 年三年赚了两个亿。2022—2024 年连续投资失利。
案例反馈信息：粉丝/学生收集整理，参考出处：笑看浮华
　
反馈里说三年赚了两个亿，但没有注 ​​​ ...展开"
8,4,4,10,7,9,3,11,1,乾辛卯丁酉庚申丙戌,未评分,"子平研究：生死窍50例【上25例】_释缘易学_新浪博客
乾造：辛 丁 庚 丙 （身旺） 

       
 卯 酉 申 戌 

大运：辛卯 流年：乙酉 （54岁） 

反馈：胃癌于04年8月切除，05年2月病逝。 

技术点窍：此为羊刃煞，羊刃的信息之象为刀，是一把手术刀，刃就是匕首。也就说日主此年跟动手术有关，要进医院。虽不一定是胃癌，却跟癌症有很大关系，因为手术多为切除。不知道读者有没注意到此命局刃局成化，藏着隐患，流年为金羊刃伏吟为忌，信息同时指向身体，因强根、比劫为身体，伏吟为身体哭泣呻吟。



例十五、阳历1976年12月22日卯时"
2,4,2,10,10,12,10,2,2,坤乙卯乙酉癸亥癸丑,未评分,"子平研究：生死窍50例【上25例】_释缘易学_新浪博客
坤造：乙 乙 癸 癸 （身旺） 

       
卯 酉 亥 丑


大运：癸巳 流年：癸 酉
（79岁） 

反馈：己未月因肠道疾病去世。 

技术点窍：关键字为流年的酉金。大运的巳、命局的丑和流年的酉形成三合金局将寿元星食神“卯”连根拔起，克至死绝。金是致死之因，酉又为大肠，将病应在了肠道上,此为同步信息.从原局来看先天组合也不好，酉克到了乙和卯两颗寿元星，大运流年再一起加力日主不堪承受，一命呜呼。实际上此为寿元星食神被冲克死绝的死亡类型。



 例三、阳历1946年3月22日亥时"
8,10,4,10,2,8,4,2,1,乾辛酉丁酉乙未丁丑,未评分,"6249032353 Wed Jul 08 08:33:21 +0800 2026
原局病在时支的丑，，生于仲秋，火炼秋金，就是一个炼丹炉，，丑中藏水，，见水则炸炉，，，癸巳运，丑中癸水引动，，癸巳年与辛丑年，都是丑透癸辛，，
【转发】相同八字案例，食神制杀，为什么都走在癸巳运中？
　
乾造：辛酉 丁酉 乙未 丁丑
大运：丙申 乙未 甲午 癸巳
　
反馈：同一个八字，出生在山西的，走到癸巳运癸巳年去世；出生在四川的，走到癸巳运辛丑年去世。两人最后都是肝癌。
案例反馈信息：粉丝/学生收集整理，参考出处：意川。

分析链接: ​​​ ...展开"
6,2,8,8,10,4,10,2,1,乾己丑辛未癸卯癸丑,未评分,"子平研究：生死窍50例【上25例】_释缘易学_新浪博客
乾造：己 辛 癸 癸 （身弱） 

       
 丑 未 卯 丑 

大运：丁 卯 流年：丙 寅（37岁）


反馈：肺癌死了。 

技术点窍：此例颇有争议，在格局分析上有难度，因为日主近似从格，实际笔者在实际断验中发现水日干地支见两丑土为身弱格。身弱喜辛金生身，金印为用，大运、流年的力量主要集中在辛金，岁运旺透丙、丁火意在克去辛金，辛金在原局极弱构成此造的最薄弱环节，在岁运重火相克使原局的金五行严重失衡，辛金为肺，致使命主死于肺癌。



例二十二、阳历1968年1月12日辰时"
4,4,10,2,8,10,1,7,2,坤丁卯癸丑辛酉甲午,未评分,"子平研究：生死窍50例【上25例】_释缘易学_新浪博客
坤造：丁 癸 辛 甲 （身旺） 

       
 卯 丑 酉 午 

大运：辛酉 流年：乙酉 

反馈：此人6月服毒自杀。 

技术点窍：命主为何会自杀？这个流年的关键字为酉，日支为心，是日主的内心世界，流年在这个位置伏吟为忌时主伤心、痛苦、郁闷事，想流眼泪、想哭、死亡，在实际断验中多见命主在这种流年里自杀，岁运信息同步锁定日支，命主肯定在这步运的这一年遇到了令自己哭泣、痛苦、伤心或绝望的事情，所以命主会自杀，是死亡应期的一标志性物质。

例五、阳历1970年2月18日戌时"
9,1,7,11,1,7,2,12,1,乾壬子庚戌甲午乙亥,未评分,"子平研究：生死窍50例【上25例】_释缘易学_新浪博客
乾造：壬 庚 甲 乙 （身弱） 

       
 子 戌 午 亥 

大运：癸丑 流年：甲申 （32岁） 

反馈：04年遭人杀害。 

技术点窍：关键字为申，流年的组合为日干坐杀的形态，官杀为克身之物，代表凶杀、意外、病伤、流血。七杀是杀身之物，为凶神，官杀克身为忌多是被杀和自杀。在这里可以看到预测模式的描象，流年的甲木原来就对应日主自己，通过模拟命主当年的某种状态而告知我们命主被杀，同时也揭示了身弱的日干不能坐杀头上。

 例九、阳历1975年5月14日巳时"
3,3,1,7,1,5,3,3,1,乾丙寅甲午甲辰丙寅,未评分,"6249032353 Sat Jul 18 17:08:24 +0800 2026
只有乙丑时才符合她的状态。丑被寅午合局所制，制官杀太过，，，官星被穿坏了，胆小怕事，，流年火旺，，恐慌加剧
【转发】离婚后长期抑郁，今年诊断精神分裂
　
乾造：丙寅 甲午 甲辰 丙寅
大运：乙未 丙申 丁酉 戊戌 己亥 庚子
　
反馈：命主做厨师，在饭店打工。2011 年结婚，2018 年离婚。离婚后精神状态一直不好，长期抑郁，压力比较大。今年年初病情加重，后来诊断为精神分裂症，目前还在治疗中。
案例反馈信息：粉丝/ ​​​ ...展开"
3,3,10,6,7,5,2,10,1,乾丙寅癸巳庚辰乙酉,未评分,"6249032353 Sat Jun 06 23:00:51 +0800 2026
应该是甲申时，丁运冲癸，酉运合辰闭伤官库，同样制伤官，丁冲癸只是不顺，酉合辰，，就等于被上了枷锁，，
【转发】丁酉运，到底是伤官见官，还是官杀克身太旺？

乾造：丙寅 癸巳 庚辰 乙酉
大运：甲午 乙未 丙申 丁酉 戊戌 己亥 庚子 辛丑 壬寅

反馈：命主2019年起中度抑郁，之后一直反反复复。长期失眠，内耗严重。2023年因抑郁症住院，失业，至今找不到合适的工作。中途也有随便找过工作，但每天负面情绪很重，内 ​​​ ...展开"
8,8,8,4,2,12,2,10,2,坤辛未辛卯乙亥乙酉,未评分,"6249032353 Sun Jun 21 16:44:51 +0800 2026
七杀为夫，亥卯未，木局，满盘的木都是老公的财，，，旺夫命，，可惜啊亥化酉生卯，亥卯未会局，酉金逢冲时，，自身有灾啊，，
【转发】能嫁富二代的美女

坤造：辛未 辛卯 乙亥 乙酉
大运：壬辰 癸巳 甲午 乙未 丙申 丁酉

反馈：命主身材婀娜，长相清秀漂亮。虽然出身普通家庭，但大学阶段就有多个条件很好的富少追求，最后嫁入亿万富豪家中。
案例反馈信息：粉丝/学生收集整理，参考出处：星斗春辰。

星座超话看八字超话 ​​​ ...展开"
8,10,7,3,7,7,9,7,1,乾辛酉庚寅庚午壬午,未评分,"子平研究：生死窍50例【上25例】_释缘易学_新浪博客
乾造：辛 庚 庚 壬

       
 酉 寅 午 午 

大运：丁亥 流年：丙戌 （25岁） 

反馈：甲午 月跳楼自杀身亡。 

技术点窍：前面说过官杀不可过旺，不论喜忌旺则有灾，这个流年的关键字为丙火和地支的戌成三合杀局攻身，路线是丙克日干，日支的午杀借到火局的力量克日干庚金，可以说官杀的旺度在这个流年发挥到极点。杀主被杀和自杀，又大运伤官打官显现凶祸标志，命主死在午月，因午火伏吟到日支克日干庚金。

 
 例十九、阳历1953年10月23日未时"
5,3,2,4,6,4,7,7,1,乾戊寅乙卯己卯庚午,未评分,"6249032353 Sat Jul 11 00:53:39 +0800 2026
弟弟虽然同性恋，弟弟的为人做事，格局斗比哥哥高，，哥哥是个一辈子纠结内耗的人，弟弟活的更洒脱，
【转发】双胞胎八字，弟弟是同性恋，还喜欢上了自己的亲哥哥 
 
乾造：戊寅 乙卯 己卯 庚午 
大运：丙辰 丁巳 戊午 己未 庚申 辛酉 
 
反馈： 
这是一对双胞胎。出生条件很好，但父母长期在外开公司，所以两岁到十二岁这段时间，实际生活状态和留守儿童差不多。 
 
哥哥性格更果断，也不耍心机，对弟弟一直很好 ​​​ ...展开"
8,2,7,3,1,11,1,1,1,乾辛丑庚寅甲戌甲子,未评分,"子平研究：生死窍50例【上25例】_释缘易学_新浪博客
乾造：辛 庚 甲 甲 （身旺） 

       
 丑 寅 戌 子 

大运：乙酉 流年：乙酉 （44岁）


反馈：在2005年除夕之夜，发现呼吸困难，到医院检查，就已经是肺癌晚期，06年4月1日死亡。 

技术点窍：关键字为酉金。此例是断肺病的一种技术类型，当命局先天庚、辛金虚透无根，流年见酉金强根为呼吸病，有的应验鼻、咽喉，有的则应验于肺部。流年与大运为岁运并临，信息指向死亡，肺病死亡。
释 缘
 

例十四、阳历1951年9月17日戌时"
3,1,6,12,9,9,7,1,2,坤丙子己亥壬申庚子,未评分,"子平研究：生死窍50例【上25例】_释缘易学_新浪博客
坤造：丙 己 壬 庚 （太旺） 

     子 亥 申
子 

大运：戊戌 流年：乙酉 （9岁）


反馈：白血病死亡，弃婴。 

技术点窍：这个流年关键字为酉引动的三合金印局生身，为什么为血液病？可以看到先天组合的特点是水过旺，五行先天失衡，过旺为忌的五行和过弱为用的五行为最薄弱环节。流年三合来生扶，导致格局偏枯，加重失衡。大运又透旺杀攻身，杀本主死亡，命局又属太旺的格局最忌克所以应了白血病。



 例十三、阳历1961年2月10日子时"
7,11,5,3,6,6,1,11,1,乾庚戌戊寅己巳甲戌,未评分,"子平研究：生死窍50例【上25例】_释缘易学_新浪博客
乾造：庚 戊 己 甲 （身旺） 

       
 戌 寅 巳 戌 

大运：庚 辰 流年：己巳 （19岁）


反馈：89年到四川玩，被水淹死（阳历7月份）。 

技术点窍：这个命例的关键字为庚、甲、巳，关键点是大运的庚克甲，伤官打官为凶祸、死亡标志，又因为死亡是一生中最痛苦的事，所以流年信息同步了，在这一年日支伏吟为忌，内心难过、痛苦。原来此例是伤官打官、日支伏吟为忌两种同步信息锁定的死亡类型。

 例六、阳历1978年9月4日寅时"
10,6,9,11,4,8,4,8,1,乾癸巳壬戌丁未丁未,未评分,"子平研究：生死窍50例【上25例】_释缘易学_新浪博客
乾造：癸 壬 丁 丁 （身旺） 

       
 巳 戌 未 未 

大运：戊午 流年：甲戌 （41岁） 

反馈：94年阴历7月死于肺癌。 

技术点窍：此为癌症的一典型命例。伤官旺打到官的位置为癌症的部位，伤官旺打不到官的时候，伤官的位置为癌症的部位。此原局月柱伤官打官，月柱为肝和肺，不是肝就是在肺上。流年的关键字为戌土，伏吟到月支克壬水正官，大运也透伤官坐生，大运伤官打官为癌症的应期。



例二十、阳历1974年12月8日卯时"
1,9,9,9,7,7,8,6,1,乾甲申壬申庚午辛巳,未评分,"6249032353 Wed Mar 11 06:29:17 +0800 2026
这个比劫虽多，但财星并不是配偶，命局就不存在克妻之说，命局以七杀为配偶，这是娶贤内助为妻，
【转发】人人都说此人克妻，但为何此人性格柔软？

乾造：甲申 壬申 庚午 辛巳

此人对象反馈：
每个师傅都说此人克妻，但是和他相处了7年，感觉他性格很柔软，相处中反倒我是那个急躁的人。

分析：
玄学行业多的是半瓶子水的师傅，看到比劫旺就说别人克妻。这里天干食伤生财，地支官杀制比肩，反而是疼老婆， ​​​ ...展开"
10,10,3,5,2,10,9,7,1,乾癸酉丙辰乙酉壬午,未评分,"6249032353 Thu Jul 09 00:14:46 +0800 2026
这是野鸡配色狼，1️⃣辰合二酉，身边都是脚踩多只船女人都喜欢一龙二凤的游戏
【转发】名校博士，私生活混乱

乾造：癸酉 丙辰 乙酉 壬午
大运：乙卯 甲寅 癸丑 壬子 辛亥 庚戌 己酉 戊申

反馈：命主一路名校到博士，现在已经在稳定平台当导师做研究。可现实里的男女关系却非常混乱，国内国外各有一个长期女友，还长期出轨、约炮。两个长期女友后来彼此知道了对方的存在，也都没有分手。
 ​​​ ...展开"
9,3,10,4,5,7,9,11,1,乾壬寅癸卯戊午壬戌,未评分,"考磐国学 Fri Jul 31 15:24:16 +0800 2026
寅木为贵人，卯木为小人，命局以印比当财，，申运合卯冲寅，远贵人亲小人，，
【转发】财杀太重，寅午戌三合火局，印星可以救命

乾造：壬寅 癸卯 戊午 壬戌
大运：甲辰 乙巳 丙午 丁未 戊申 己酉

每日案例775反馈

【A】出生家境温饱，家里还有个姐姐。大专或本科学历。早年在国企工作，后来离职下海经商，做外贸公司。一婚，中年后夫妻关系恶劣，为了孩子没有离婚。一个儿子，小富层次 ​​​ ...展开"
2,8,10,8,3,11,3,9,1,乾乙未癸未丙戌丙申,未评分,"6249032353 Sat May 09 20:45:39 +0800 2026
更新的不勤啊，我就够懒的了，比我甚啊
【转发】未戌刑的利与弊

乾  乙未  癸未 丙戌  丙申

      丙戌自合即丙辛合财，妻星辛金正财，正星得正位。好夫妻喜静不喜动，不喜刑冲破穿，两未刑一戌是不利妻子的，把辛金刑坏了，不离婚就容易有伤病灾。
    
      而且自己坐支戌土也是自己的身体，辛金代表了呼吸器官、肺，咽喉、牙齿等。
     
     ​​​ ...展开"
5,7,7,9,6,6,3,3,1,乾戊午庚申己巳丙寅,未评分,"子平研究：生死窍50例【上25例】_释缘易学_新浪博客
乾造：戊 庚 己 丙 （身弱） 

       
 午 申 巳 寅 

大运：癸亥 流年：甲申 （26岁） 

反馈：命主因得白血病于甲申年寅月病逝。 

技术点窍：此流年干支组合为伤官打官，为凶祸、癌症、绝症、死亡（包括自己和近亲）、见孝服。为何死于寅月？因寅为正官，刚好构成双寅冲一申，官见伤官，官见伤官是死亡的另一类型，所显现的事象与伤官打官性质相同，又一死亡标志。

 例七、阳历1946年5月17日酉时"
10,6,7,9,3,5,7,3,1,乾癸巳庚申丙辰庚寅,未评分,"子平研究：生死窍50例【上25例】_释缘易学_新浪博客
乾造：癸 庚 丙 庚 （身弱） 

       
 巳 申 辰 寅 

大运：丙辰 流年：丙子 （43岁） 

反馈：乙未月命主被钢模砸头而死。 

技术点窍：这个流年与大运和原局形成两个水局克日干丙火，流年的丙就是日主自己，日干为头部、大脑，这个流年模拟的是日主当年的一种状态，就是头部受压的一种状态，因为官杀本身就是压力。实际被重物砸头而亡。
释缘易学公众号


例二十四、阳历1971年12月30日寅时"
9,9,6,10,9,1,5,9,2,坤壬申己酉壬子戊申,未评分,"6249032353 Tue Mar 24 01:43:15 +0800 2026
这难道就是传说中的“禄倒马斜”吗？
【转发】坤造：壬申，己酉，壬子，戊申
1学历：初中。
2职业：先天双腿残，在某私企福利厂打工。
3婚姻：丧夫未嫁。
4财富：温饱。
5：2015乙未年结婚。
6：2018戊戌年二月夫车祸升仙。
7：2018成戍年四月父车祸升仙。
8：2019年领养的女孩因病死亡。
9：2025年十二月母肺癌升仙。
10：出生温饱

 ​​​ ...展开"
7,5,2,10,5,11,7,9,2,坤庚辰乙酉戊戌庚申,未评分,"6249032353 Fri Mar 20 07:40:16 +0800 2026
这样的格局叫“先官后食”，与“先印后财”雷同，，水木运官旺运上班求贵，，土金运食神有气胜财官，就会创业求财，，
【转发】原局喜用是什么，还有人说从了？

坤造：庚辰 乙酉 戊戌 庚申
大运：甲申 癸未 壬午 辛巳 庚辰 己卯

反馈：22年有偏财，23年下半年状态特别差，24年遭遇了职场性骚扰，25年谈恋爱了。

学八字超话星座超话看八字超话#网络案例# ​​​"
10,4,4,6,8,12,5,1,1,乾癸卯丁巳辛亥戊子,未评分,"6249032353 Tue Jun 30 08:52:49 +0800 2026
好经典的案例，收藏了
【转发】菊长出国落马

乾造：癸卯 丁巳 辛亥 戊子
大运：丙辰 乙卯 甲寅 癸丑 壬子 辛亥 庚戌 己酉

反馈：命主出生家境小康，研究生及以上学历。早年做到国土菊长级别，后来因为贪乌问题离职出国，最终落马。二婚，前妻生一子，二妻生一女。1999 年父亲去世，2007 年离职出国，2018 年 11 月被捕入狱。
案例 ​​​ ...展开"
8,10,10,6,1,9,5,5,1,乾辛酉癸巳甲申戊辰,未评分,"6249032353 Sat Jul 11 01:21:29 +0800 2026
原局表达的是:土金制水木，，所以印可以被制，，己丑运，金旺，制水木，，与命局意向一致，，己丑是好运，人生有更好的发展机遇。戊子运，子水脱金之气，意味着躺平，混日子，，
【转发】乾造：辛酉 癸巳 甲申 戊辰
大运：壬辰 辛卯 庚寅 己丑 戊子 丁亥
　
每日案例756
哪步是差运？
A、己丑运
B、戊子运

星座超话看八字超话学八字超话#每日案例专栏# ​​​"
2,4,8,6,7,9,8,6,1,乾乙卯辛巳庚申辛巳,未评分,"子平研究：生死窍50例【上25例】_释缘易学_新浪博客
乾造：乙 辛 庚 辛 （身弱） 

       
 卯 巳 申 巳 

大运：戊寅 流年：戊寅 （24岁）


反馈：98年楼上坠下而亡。 

技术点窍：这个流年与大运形成岁运并临，在这里读者见识到了死亡的另一种常见类型。那怎么死的呢？笔者指出驿马为踩滑、摔交、跌绊之象，岁运双驿马冲日支申金，使命主站立不稳，我们可以读懂原来踩滑不小心坠楼了。


例十、阳历1973年5月9日辰时"
1,3,3,1,10,8,2,4,1,乾甲寅丙子癸未乙卯,未评分,"子平研究：生死窍50例【上25例】_释缘易学_新浪博客
乾造：甲 丙 癸 乙 （身旺） 

       
 寅 子 未 卯 

大运：甲申 流年：壬 申（18岁） 

反馈：心脏病，寅月死。 

技术点窍：此造原局的丙火为最薄弱环节，火为心脏，坐子水旺克，为心脏病的隐患。流年透出壬水冲丙，壬为丙的七杀，同性力大，且壬坐申子半合水局，水的力大，将丙火克绝至死，致使火的五行失衡，得心脏病去世。


例二十一、阳历1949年7月12日丑时"
7,5,3,11,5,7,5,7,2,坤庚辰丙戌戊午戊午,未评分,"子平研究：生死窍50例【上25例】_释缘易学_新浪博客
坤造：庚 丙 戊 戊 （太旺） 

     辰 戌 午 午


大运：无   流年：甲 申（4岁） 

反馈：此女04年遇害，身上有几处尖刀伤，脖子有勒痕。 

技术点窍：关键字为午。此造特点是命局带双羊刃，羊刃为刀，命局中的信息在杀年应现，带双羊刃的命造易有刀伤、车祸、官司牢狱等灾。此为太旺格局，最忌克，杀主被杀，因此遭到刀杀。

 
 例十八、阳历1981年2月21日午时"
3,11,10,6,8,2,4,10,2,坤丙戌癸巳辛丑丁酉,未评分,"子平研究：生死窍50例【上25例】_释缘易学_新浪博客
坤造：丙 癸 辛 丁 （身旺） 

       
 戌 巳 丑 酉 

大运：戊子 流年：壬午 （56岁）


反馈：02年农历9月丙子 日命主脑出血身亡。 

技术点窍：关键字为子、壬、午、丙，流年干支组合为伤官见官，大运与流年子午冲，又官见伤官，流日丙子的干支组合又为伤官打官，子伤克丙官和午官，形成双子冲一午，一伤打两官。



例八、阳历1972年10月30日亥时"
4,8,10,2,8,6,9,5,2,坤丁未癸丑辛巳壬辰,未评分,"子平研究：生死窍50例【上25例】_释缘易学_新浪博客
坤造：丁 癸 辛 壬 （身弱） 

       
 未 丑 巳 辰 

大运：乙卯 流年：丁 卯（20岁） 

反馈：丁 未月喝药自杀。 

技术点窍：这个流年、流月的关键字字为丁火，旺火透出冲克日干辛金，七杀主吃毒、死亡，官杀这组十神的象是一个圆，如嘴巴、毒、圈套、癌症、口舌，为何官杀是毒，因为毒是吃自己营养的生物，有口象。



例二十三、阳历1953年9月2日寅时"
2,6,5,1,5,11,1,3,2,坤乙巳戊子戊戌甲寅,未评分,"丧偶八字命例集（10例）_襄阳金笑易_新浪博客
坤造：乙巳 戊子 戊戌
甲寅

大运：辛卯流年：己卯（33岁）

反馈：老公生病。

大运：辛卯流年：壬午（36岁）

反馈：老公病故，没出现什么官司。

（金笑易注：己亥、庚寅、乙巳、丙申，这四组干支，极易损伤六亲。年柱乙巳前夫，正官坐下暗藏食伤，主老公身体不好。娶妻随娶随伤，盖因比肩伏马；嫁夫随嫁随伤，缘是官星坐伤。）




例7、阳历1954年11月15日亥时"
1,3,8,8,4,6,10,4,2,坤甲寅辛未丁巳癸卯,未评分,"6249032353 Tue Jun 30 15:00:40 +0800 2026
比劫合官，夫妻宫坐劫财，老公出轨

坤造：甲寅 辛未 丁巳 癸卯
大运：庚午 己巳 戊辰 丁卯 丙寅 乙丑 甲子 癸亥

每日案例746反馈

【B】命主出身小康家庭，父亲在信用社上班。职高财务专业，后来在私企做会计。一婚，夫妻感情差，丈夫是公务员。一个子女，财富小康。1999 年婚恋，2012 年婚灾，丈夫 ​​​ ...展开"
10,2,4,6,2,6,7,5,2,坤癸丑丁巳乙巳庚辰,未评分,"子平研究：生死窍50例【上25例】_释缘易学_新浪博客
坤造：癸 丁 乙 庚 （太弱） 

       
 丑 巳 巳 辰 

大运：己未 流年：甲戌 （21岁）


反馈：94年辰月被电炉电击而死。 

技术点窍：这个流年的关键字为丑未戌三刑，三刑的含义为折磨，日主的身体就像受刑一样。是病伤灾的特定信息符号，日主的身体如同受刑一般难受、受折磨，原来是被电击了。



例十一、阳历1962年5月19日寅时"
8,8,1,7,4,2,10,4,1,乾辛未甲午丁丑癸卯,未评分,"考磐国学 Sun Aug 02 08:42:10 +0800 2026
日坐财库、妻业双美

乾造：辛未 甲午  丁丑  癸卯

他出身普通工薪家庭，父母皆是私企工厂工人，如今已然退休安享晚年，家中还有一位兄长，原生家庭安稳平实，无大风大浪，为他的成长奠定了踏实沉稳的底色。

自求学伊始，他便勤勉自律、稳步前行，凭借不懈努力走出了一条亮眼的升学之路。

2010年， ​​​ ...展开"
8,12,7,1,6,2,3,3,1,乾辛亥庚子己丑丙寅,未评分,"子平研究：生死窍50例【上25例】_释缘易学_新浪博客
乾造：辛 庚 己 丙 （从格） 

       
 亥 子 丑 寅 

大运：戊戌 流年：庚午 （19岁）


反馈：戊戌月因抢劫杀人被枪决。 

技术点窍：此流年与大运、原局形成三合火局旺扶劫财，劫财在大运旺透因此命主会去劫别人的钱财，劫财也是一颗犯法的星，所以是因为犯法而被枪决。


例二十五、阳历1969年3月6日亥时"
9,3,2,6,4,6,9,3,1,乾壬寅乙巳丁巳壬寅,未评分,"子平研究：生死窍50例【上25例】_释缘易学_新浪博客
乾造：壬 乙 丁 壬 （专旺） 

       
 寅 巳 巳 寅 

大运：己酉 流年：癸 未（41岁） 

反馈：命主此年去世。 

技术点窍：这又是死亡之灾的一类型，太旺、专旺格最怕七杀克身，克则有官司、死亡等应。流年关键字癸水冲克日干丁火。可见即使七杀弱同样不为日干所喜。



例十二、阳历1996年12月1日子时"
6,10,5,5,3,5,1,7,2,坤己酉戊辰丙辰甲午,未评分,"妓女小姐老鸨命例集（二）_襄阳金笑易_新浪博客
坤造:己酉,戊辰,丙辰,甲午

九岁起运

此命傷官太旺，夫星入墓，夫宮自刑，幸好時柱較好，為人冰雪聰明，且有好晚年。

巳運居住在英國。庚運財破印，午午刑，曾當過風塵女子，大概是88年至90年之間。

後跟從一男子，成了他的二奶數年，於94年正式分手。（命例来源：蒋文正的新浪博客）



例４舞 女 大 班"
2,4,1,9,10,4,3,5,1,乾乙卯甲申癸卯丙辰,未评分,"丧偶八字命例集（10例）_襄阳金笑易_新浪博客
乾造：乙卯 甲申 癸卯
丙辰

大运：辛巳流年：乙酉（30岁）        
    
    
    
    

反馈：请看一老板05年的运气如何？此年命主妻子去世，是寅月，为癌症。

（金笑易注：辛巳运，乙酉年，会金局，妻宫卯木被冲坏，卯木为妻星的原神。）



例2、阳历1968年3月30日亥时"
5,9,2,4,6,12,2,12,2,坤戊申乙卯己亥乙亥,未评分,"丧偶八字命例集（10例）_襄阳金笑易_新浪博客
坤造：戊申 乙卯 己亥 乙亥

大运：壬子 流年：乙酉（37岁）

反馈：此女财旺，有1百多万，但是婚姻有大灾，在哪年发生的？何灾？请大家研讨！2005年，丈夫养车拉货，长途，两车相撞，4人当场死亡。

（金笑易注：年柱起空亡，寅卯空。月柱偏官夫星落了空亡。）



例3、阳历1967年7月18日申时"
5,9,5,7,2,12,5,3,1,乾戊申戊午乙亥戊寅,未评分,"亿万富翁八字命例集1_襄阳金笑易_新浪博客
乾：戊申　戊午　乙亥　戊寅

大运:己未
庚申 辛酉 壬戌 癸亥
甲子乙丑丙寅

     1 
 11   21  
31   41   51
  61   71

   1969 1979 1989
1999 2009 2019 2029
2039

（金笑易注：陈光标八字另一版本"
2,8,6,2,8,6,2,8,1,乾乙未己丑辛巳乙未,未评分,"亿万富翁八字命例集1_襄阳金笑易_新浪博客
乾：乙未　己丑　辛巳　乙未

大运：戊子　丁亥　丙戌　乙酉　甲申　癸未　壬午　辛巳　.　　

　　3岁　　13岁　　23岁　　33岁　 43岁　
53岁　　63岁　　

始于：1958　　1968　　1978　　1988　　1998　　2008　　2018　　　　

例17家产十多亿"
10,6,1,1,5,9,4,6,1,乾癸巳甲子戊申丁巳,未评分,"亿万富翁八字命例集1_襄阳金笑易_新浪博客
乾：癸巳　甲子　戊申　丁巳

大运： 癸亥 壬戌 辛酉 庚申
己未戊午丁巳丙辰

      
6   16   26
  36   46  
56   66  76

     1959
1969 1979 1989 1999 2009
2019 2029

例16亿万富翁:"
6,8,1,11,1,11,5,5,1,乾己未甲戌甲戌戊辰,未评分,"亿万富翁八字命例集1_襄阳金笑易_新浪博客
乾：己未　甲戌　甲戌　戊辰（原文作戊戌时，误）

甲朩日元无根,虽有一比劫助身,又与己土相合化为土,全局除甲朩外其他干支皆土,格成从财.初运癸酉,壬申,强印生身,逆其土性,家败无已.一入南方火运,助起旺财,发迹异常,家财近亿.此八字特征, 先贫后富.



例11从财格"
4,8,4,8,10,8,7,9,2,坤丁未丁未癸未庚申,未评分,"丧偶八字命例集（10例）_襄阳金笑易_新浪博客
坤造：丁未 丁未 癸未 庚申

大运：辛亥流年：丙戌（39岁）

反馈：看这个女命的丈夫哪年会出事，辛亥运丈夫哪年会出事？其夫丙戌年车祸死亡。能说下命理吗？实际是辛丑月车祸死亡。


（金笑易注：夫星过旺，夫星伏吟。）





例4、阳历1966年10月9日寅时"
3,5,7,1,5,9,2,4,2,坤丙辰庚子戊申乙卯,未评分,"子平研究：生死窍50例【上25例】_释缘易学_新浪博客
坤造：丙 庚 戊 乙 （太弱） 

     辰 子 申
卯 

大运：戊戌 流年：癸酉 （17岁）


反馈：93年死亡。 

技术点窍：流年关键字为酉，金局冲卯，用神被克绝无救，与金伤官局打官信息同步锁定。 


 例十六、阳历1959年4月9日寅时"
6,12,5,5,8,10,7,3,1,乾己亥戊辰辛酉庚寅,未评分,"子平研究：生死窍50例【上25例】_释缘易学_新浪博客
乾造：己 戊 辛 庚 （身旺） 

       
 亥 辰 酉 寅 

大运：癸亥 流年：壬午 （43岁） 

反馈：命主02年阳历11月份不幸铁架子砸到头部身亡。 

技术点窍：流年伤官打官凶祸。 
 

例十七、阳历2000年10月27日午时"
8,8,7,3,7,11,8,6,2,坤辛未庚寅庚戌辛巳,未评分,"丧偶八字命例集（10例）_襄阳金笑易_新浪博客
坤造：辛未 庚寅 庚戌
辛巳

大运：甲午流年：己酉（38岁）

反馈：看看此女何年伤夫？甲午运己酉年。

（金笑易注：此八字身弱，地支官煞多多。甲午运，寅午戌会火局，夫星过旺入暮，夫死。夫星入暮，夫先死。）




例9、阳历1954年7月3日辰时"
3,7,5,11,8,2,7,3,2,坤丙午戊戌辛丑庚寅,未评分,"丧偶八字命例集（10例）_襄阳金笑易_新浪博客
坤造：丙午 戊戌 辛丑
庚寅

大运：癸巳 流年：丁亥（41岁）

反馈：丈夫做工出意外被砸死，大家看命局是如何体现的？农历7月（戊申）出事。

（金笑易注：此八字身弱，寅午戌会火局，夫星过旺入暮，夫先死。）



例5、阳历1961年2月6日酉时"
8,10,8,4,5,1,5,7,1,乾辛酉辛卯戊子戊午,未评分,"6249032353 Thu Jul 30 16:07:18 +0800 2026
乾造：辛酉 辛卯 戊子 戊午
大运：庚寅 辛丑 庚子 丁亥
反馈：命主经常出入风月场所，PC后得了一身病，最后在丁亥运辛丑年暴毙而亡。

案例反馈信息：粉丝/学生收集整理，参考出处：出生日 ​​​ ...展开"
2,10,7,5,4,2,8,2,1,乾乙酉庚辰丁丑辛丑,未评分,"6249032353 Sun Apr 05 09:46:37 +0800 2026
乾造：乙酉 庚辰 丁丑  辛丑
大运：己卯 戊寅 丁丑 丙子 乙亥 甲戌
反馈：命主反馈很小的时候，父亲就因为犯事被抓紧去了，他自己被亲生母亲丢在了外地。自己被迫在外四处打工，但是出力多，收入很少。"
1,7,2,12,2,12,4,12,2,坤甲午乙亥乙亥丁亥,未评分,"丧偶八字命例集（10例）_襄阳金笑易_新浪博客
坤造：甲午 乙亥 乙亥 
丁亥

大运：庚午流年：庚辰（46岁）

反馈：此女之夫死于2000年庚辰。

（金笑易注：枭印重重，生离死别之妇。枭食并伤官，子死夫亡祸两端，克夫克子的命。）





例8、阳历1931年2月24日巳时"
1,7,7,7,7,9,7,5,2,坤甲午庚午庚申庚辰,未评分,"丧偶八字命例集（10例）_襄阳金笑易_新浪博客
坤造：甲午 庚午 庚申
庚辰

大运：丙寅流年：丁丑（43岁）

反馈：97年丧夫。9月9日中午12点，心脏病。

（金笑易注：此八字身弱，丙寅运，日柱逢冲夫妻宫逢冲。官杀过旺，夫死。）



例10、阳历1968年6月4日寅时"
5,9,10,12,8,4,4,10,1,乾戊申癸亥辛卯丁酉,未评分,"亿万富翁八字命例集1_襄阳金笑易_新浪博客
乾：戊申　癸亥　辛卯　丁酉

大运：甲子　乙丑　丙寅　丁卯　戊辰　己巳　庚午　辛未　

 　　　7        
    
    
    
    岁　 17岁　27岁　37岁　47岁　57岁　67岁　77岁　

例３马化腾"
1,5,1,11,4,10,3,7,1,乾甲辰甲戌丁酉丙午,未评分,"亿万富翁八字命例集1_襄阳金笑易_新浪博客
乾：甲辰　甲戌　丁酉　丙午

大运：乙亥　丙子　丁丑　戊寅　己卯　庚辰　辛巳　壬午　

始于：1972　1982　1992　2002　2012
2022　2032　2042　

（金笑易注：马云八字另一个流行版本"
8,12,5,11,4,12,4,8,1,乾辛亥戊戌丁亥丁未,未评分,"亿万富翁八字命例集1_襄阳金笑易_新浪博客
乾：辛亥　戊戌　丁亥　丁未

大运：丁酉　丙申　乙未　甲午　癸巳　壬辰　辛卯　庚寅　　　　 

　　　8岁　18岁　28岁　38岁　48岁　58岁　68岁　78岁　

例４马云:1964年九月初十12时26分"
8,2,7,3,7,7,2,10,2,坤辛丑庚寅庚午乙酉,未评分,"丧偶八字命例集（10例）_襄阳金笑易_新浪博客
坤造：辛丑 庚寅 庚午
乙酉

大运：甲午流年：丙戌（45岁）

反馈：去年丙戌年丈夫去世了。

（金笑易注：此八字身弱，甲午运，丙戌年，夫星过旺入暮，夫死。）



例6、阳历1965年12月10日寅时"
5,5,6,8,7,7,4,12,1,乾戊辰己未庚午丁亥,未评分,"亿万富翁八字命例集1_襄阳金笑易_新浪博客
乾造:戊辰　己未　庚午　丁亥

大运:庚申
辛酉 壬戌 癸亥 甲子 乙丑
丙子　丁卯　戊辰


     3 
  13   23 
33   43   53
  63   73  
83

例2李彦宏"
5,9,2,4,6,12,1,1,2,坤戊申乙卯己亥甲子,未评分,"亿万富翁八字命例集1_襄阳金笑易_新浪博客
坤：戊申　乙卯　己亥　甲子

大运: 甲寅癸丑 壬子 辛亥 庚戌 己酉 戊申
丁未

      1976
 86   96  2006
 16  26   36
  46  

（金笑易注：另一版本"
10,2,6,8,4,6,6,10,1,乾癸丑己未丁巳己酉,未评分,"亿万富翁八字命例集1_襄阳金笑易_新浪博客
乾：癸丑　己未　丁巳　己酉

大运： 戊午 丁巳 丙辰 乙卯 甲寅
癸丑 壬子 辛亥

始于： 1977 1987
1997 2007 2017 2027 2037
2047

例14亿万富翁:"
5,7,5,7,4,6,6,10,1,乾戊午戊午丁巳己酉,未评分,"6249032353 Thu Jun 18 11:51:44 +0800 2026
乾造：戊午 戊午 丁巳 己酉
大运：己未、庚申、辛酉、壬戌、癸亥、甲子。
反馈：经商开店，负债一百多万，出轨后被老婆发现离婚。

例3、"
10,4,3,5,6,12,5,5,1,乾癸卯丙辰己亥戊辰,未评分,"亿万富翁八字命例集1_襄阳金笑易_新浪博客
乾：癸卯　丙辰　己亥　戊辰

大运：乙卯 甲寅 癸丑 壬子 辛亥 庚戌
己酉

      8
  18   28 
38   48   58
 68

例８三个亿万富翁"
5,5,5,7,4,6,6,10,1,乾戊辰戊午丁巳己酉,未评分,"6249032353 Thu Jun 18 11:51:44 +0800 2026
乾造：戊辰 戊午 丁巳 己酉
大运：己未 庚申 辛酉 壬戌 癸亥 甲子
反馈：21年出轨，被发现，后离婚。

例2、"
7,5,2,10,4,10,8,2,2,坤庚辰乙酉丁酉辛丑,未评分,"6249032353 Sun Apr 05 09:46:37 +0800 2026
坤造：庚辰 乙酉 丁酉 辛丑
大运：甲申 癸未 壬午 辛巳 庚辰 己卯
反馈：本 ​​​ ...展开"
4,2,8,12,5,7,8,10,1,乾丁丑辛亥戊午辛酉,未评分,"6249032353 Thu Jul 30 16:07:18 +0800 2026
乾造：丁丑 辛亥 戊午 辛酉
大运：庚戌 己酉 戊申
反馈：命主在戊申运甲辰年PC致死。"
1,5,10,10,3,3,2,8,1,乾甲辰癸酉丙寅乙未,未评分,"亿万富翁八字命例集1_襄阳金笑易_新浪博客
乾：甲辰　癸酉　丙寅　乙未

大运：8甲戌
18乙亥 28丙子
38丁丑 48戊寅
58己卯 68庚辰

例15亿万富翁:"
6,6,7,7,3,11,1,7,1,乾己巳庚午丙戌甲午,未评分,"亿万富翁八字命例集1_襄阳金笑易_新浪博客
乾三：己巳　庚午　丙戌　甲午

以上三个八字,均是亿万级人物.尤以第三个又富又贵,妙在时干为偏印



例９房地产商"
3,9,8,4,7,5,9,7,1,乾丙申辛卯庚辰壬午,未评分,"小偷骗子的八字命例集（1）_襄阳金笑易_新浪博客
乾四：  丙申 
辛卯  庚辰  壬午 
（八岁起运：甲午 运两次坐牢，因为非法取才）"
5,7,3,5,4,10,3,7,1,乾戊午丙辰丁酉丙午,未评分,"6249032353 Thu Jun 18 11:51:44 +0800 2026
乾造：戊午 丙辰 丁酉 丙午
大 ​​​ ...展开"
3,5,10,6,2,12,5,3,1,乾丙辰癸巳乙亥戊寅,未评分,"小偷骗子的八字命例集（1）_襄阳金笑易_新浪博客
乾二：  丙辰 
癸巳  乙亥  戊寅  （大运：丙申
，辛巳流年，偷车而判刑）。"
1,11,3,3,6,6,5,5,1,乾甲戌丙寅己巳戊辰,未评分,"小偷骗子的八字命例集（1）_襄阳金笑易_新浪博客
乾三：  甲戌 
丙寅  己巳  戊辰  
(七岁起运：从5岁开始偷）"
7,9,2,10,3,9,6,2,1,乾庚申乙酉丙申己丑,未评分,"亿万富翁八字命例集1_襄阳金笑易_新浪博客
乾：庚申　乙酉　丙申　己丑

此八字特征, 先富后贫　　　

例12亿万富翁"
5,9,2,4,5,11,4,6,2,坤戊申乙卯戊戌丁巳,未评分,"亿万富翁八字命例集1_襄阳金笑易_新浪博客
坤：戊申　乙卯　戊戌　丁巳。）

例７李连杰 1963年4月26日辰时"
6,8,3,3,8,8,6,2,2,坤己未丙寅辛未己丑,未评分,"小偷骗子的八字命例集（1）_襄阳金笑易_新浪博客
坤一：己未　丙寅　辛未　己丑（“己巳”大运，网络诈骗己丑年犯事）"
1,5,1,11,4,10,5,9,1,乾甲辰甲戌丁酉戊申,未评分,"亿万富翁八字命例集1_襄阳金笑易_新浪博客
乾：甲辰　甲戌　丁酉　戊申。）

例５陈光标:
一九六八年六月九日寅时"
9,3,10,2,8,8,7,3,1,乾壬寅癸丑辛未庚寅,未评分,"小偷骗子的八字命例集（1）_襄阳金笑易_新浪博客
乾一：  壬寅 
癸丑 辛未  庚寅
（癸酉年断：此为大偷）"
10,12,10,12,8,12,7,3,1,乾癸亥癸亥辛亥庚寅,未评分,"小偷骗子的八字命例集（1）_襄阳金笑易_新浪博客
乾六： 癸亥  癸亥
 辛亥   庚寅   
(网络诈骗）"
7,11,6,4,1,5,1,11,1,乾庚戌己卯甲辰甲戌,未评分,"小偷骗子的八字命例集（1）_襄阳金笑易_新浪博客
乾七：
庚戌　己卯  甲辰 
甲戌  （行骗为生）"
9,1,6,10,3,5,1,7,1,乾壬子己酉丙辰甲午,未评分,"小偷骗子的八字命例集（1）_襄阳金笑易_新浪博客
乾五： 壬子  己酉
  丙辰  甲午
（小偷）"
5,9,6,8,7,3,6,4,1,乾戊申己未庚寅己卯,未评分,"亿万富翁八字命例集1_襄阳金笑易_新浪博客
乾：戊申　己未　庚寅　己卯。）



例６杨澜:"
3,9,8,2,8,6,5,1,1,乾丙申辛丑辛巳戊子,未评分,"亿万富翁八字命例集1_襄阳金笑易_新浪博客
乾：丙申　辛丑　辛巳　戊子

例13亿万富翁"
6,2,7,7,3,1,6,2,1,乾己丑庚午丙子己丑,未评分,"亿万富翁八字命例集1_襄阳金笑易_新浪博客
乾一：己丑　庚午　丙子　己丑"
6,8,7,7,3,7,6,2,1,乾己未庚午丙午己丑,未评分,"亿万富翁八字命例集1_襄阳金笑易_新浪博客
乾二：己未　庚午　丙午　己丑"
